year,team,opponent_team,result,team_conf,opponent_conf
2002,Mexico,Italy,Draw,CONCACAF,UEFA
1958,Brazil,Sweden,Win,CONMEBOL,UEFA
2022,Portugal,Switzerland,Win,UEFA,UEFA
1950,Uruguay,Brazil,Win,CONMEBOL,CONMEBOL
1938,Czechoslovakia,Netherlands,Win,UEFA,UEFA
2022,Netherlands,Argentina,Loss,UEFA,CONMEBOL
1998,Argentina,Croatia,Win,CONMEBOL,UEFA
2022,Denmark,Tunisia,Draw,UEFA,CAF
1998,Spain,Bulgaria,Win,UEFA,UEFA
2018,Russia,Saudi Arabia,Win,UEFA,AFC
2006,England,Ecuador,Win,UEFA,CONMEBOL
1982,Scotland,New Zealand,Win,UEFA,OFC
1958,Hungary,Wales,Draw,UEFA,UEFA
1954,Uruguay,England,Win,CONMEBOL,UEFA
2006,England,Trinidad and Tobago,Win,UEFA,CONCACAF
1990,England,Belgium,Win,UEFA,UEFA
1978,Netherlands,West Germany,Draw,UEFA,UEFA
2002,Brazil,Turkey,Win,CONMEBOL,UEFA
1990,Yugoslavia,United Arab Emirates,Win,UEFA,AFC
1934,Czechoslovakia,Germany,Win,UEFA,UEFA
1954,England,Belgium,Draw,UEFA,UEFA
1970,West Germany,Peru,Win,UEFA,CONMEBOL
2018,Sweden,England,Loss,UEFA,UEFA
2022,France,Morocco,Win,UEFA,CAF
1962,Brazil,England,Win,CONMEBOL,UEFA
1930,Argentina,Chile,Win,CONMEBOL,CONMEBOL
1982,Algeria,Chile,Win,CAF,CONMEBOL
2022,Uruguay,South Korea,Draw,CONMEBOL,AFC
1986,Algeria,Northern Ireland,Draw,CAF,UEFA
1990,Argentina,Cameroon,Loss,CONMEBOL,CAF
1982,England,France,Win,UEFA,UEFA
1962,Yugoslavia,Uruguay,Win,UEFA,CONMEBOL
1986,Iraq,Belgium,Loss,AFC,UEFA
1938,Brazil,Poland,Win,CONMEBOL,UEFA
2006,Japan,Brazil,Loss,AFC,CONMEBOL
1990,Cameroon,Soviet Union,Loss,CAF,UEFA
1982,Italy,Poland,Draw,UEFA,UEFA
1986,Soviet Union,Hungary,Win,UEFA,UEFA
1958,Paraguay,Scotland,Win,CONMEBOL,UEFA
1994,Nigeria,Italy,Loss,CAF,UEFA
1998,Nigeria,Paraguay,Loss,CAF,CONMEBOL
1954,England,Switzerland,Win,UEFA,UEFA
2010,Slovakia,Paraguay,Loss,UEFA,CONMEBOL
1966,Spain,Switzerland,Win,UEFA,UEFA
1974,Sweden,Yugoslavia,Win,UEFA,UEFA
1986,Morocco,Poland,Draw,CAF,UEFA
2014,Ivory Coast,Japan,Win,CAF,AFC
2022,Morocco,Portugal,Win,CAF,UEFA
1990,England,Netherlands,Draw,UEFA,UEFA
2018,Mexico,Sweden,Loss,CONCACAF,UEFA
2014,Germany,Argentina,Win,UEFA,CONMEBOL
1938,Brazil,Czechoslovakia,Win,CONMEBOL,UEFA
2018,Nigeria,Iceland,Win,CAF,UEFA
1958,Northern Ireland,Czechoslovakia,Win,UEFA,UEFA
1998,Brazil,Scotland,Win,CONMEBOL,UEFA
1970,Sweden,Israel,Draw,UEFA,UEFA
2018,Croatia,Nigeria,Win,UEFA,CAF
1970,England,Romania,Win,UEFA,UEFA
2014,Italy,Uruguay,Loss,UEFA,CONMEBOL
1958,Paraguay,Yugoslavia,Draw,CONMEBOL,UEFA
1986,France,Soviet Union,Draw,UEFA,UEFA
1970,Mexico,Belgium,Win,CONCACAF,UEFA
1998,Saudi Arabia,Denmark,Loss,AFC,UEFA
1994,Romania,Switzerland,Loss,UEFA,UEFA
1934,Austria,France,Win,UEFA,UEFA
2022,Germany,Japan,Loss,UEFA,AFC
1950,Spain,Chile,Win,UEFA,CONMEBOL
1930,Uruguay,Romania,Win,CONMEBOL,UEFA
1958,Argentina,West Germany,Loss,CONMEBOL,UEFA
2022,Spain,Germany,Draw,UEFA,UEFA
2010,Germany,Australia,Win,UEFA,AFC
1930,Paraguay,Belgium,Win,CONMEBOL,UEFA
1982,Poland,Peru,Win,UEFA,CONMEBOL
1958,Northern Ireland,Czechoslovakia,Win,UEFA,UEFA
2014,South Korea,Algeria,Loss,AFC,CAF
1986,Hungary,Canada,Win,UEFA,CONCACAF
1986,Scotland,Uruguay,Draw,UEFA,CONMEBOL
1970,Sweden,Uruguay,Win,UEFA,CONMEBOL
1998,South Korea,Mexico,Loss,AFC,CONCACAF
2002,Denmark,Senegal,Draw,UEFA,CAF
1950,Brazil,Yugoslavia,Win,CONMEBOL,UEFA
1990,West Germany,Yugoslavia,Win,UEFA,UEFA
2018,Portugal,Spain,Draw,UEFA,UEFA
2022,Argentina,Australia,Win,CONMEBOL,AFC
1930,Uruguay,Argentina,Win,CONMEBOL,CONMEBOL
1994,Russia,Cameroon,Win,UEFA,CAF
1930,United States,Belgium,Win,CONCACAF,UEFA
1954,Uruguay,Czechoslovakia,Win,CONMEBOL,UEFA
2018,Australia,Peru,Loss,AFC,CONMEBOL
2002,Spain,Paraguay,Win,UEFA,CONMEBOL
1982,Spain,Yugoslavia,Win,UEFA,UEFA
1998,Belgium,South Korea,Draw,UEFA,AFC
2022,United States,Wales,Draw,CONCACAF,UEFA
2014,Uruguay,Costa Rica,Loss,CONMEBOL,CONCACAF
1990,Sweden,Costa Rica,Loss,UEFA,CONCACAF
1970,Brazil,Italy,Win,CONMEBOL,UEFA
1994,Germany,Belgium,Win,UEFA,UEFA
1994,Belgium,Netherlands,Win,UEFA,UEFA
1962,Uruguay,Colombia,Win,CONMEBOL,CONMEBOL
1930,Argentina,Mexico,Win,CONMEBOL,CONCACAF
2006,Argentina,Serbia and Montenegro,Win,CONMEBOL,UEFA
1994,Bulgaria,Germany,Win,UEFA,UEFA
1998,Brazil,Chile,Win,CONMEBOL,CONMEBOL
2014,Ecuador,France,Draw,CONMEBOL,UEFA
2010,Slovenia,United States,Draw,UEFA,CONCACAF
1930,Chile,Mexico,Win,CONMEBOL,CONCACAF
2014,Mexico,Cameroon,Win,CONCACAF,CAF
1994,Bulgaria,Greece,Win,UEFA,UEFA
1982,Poland,France,Win,UEFA,UEFA
1994,Switzerland,Colombia,Loss,UEFA,CONMEBOL
1990,West Germany,Colombia,Draw,UEFA,CONMEBOL
2010,Netherlands,Japan,Win,UEFA,AFC
2002,Senegal,Uruguay,Draw,CAF,CONMEBOL
2006,Portugal,Iran,Win,UEFA,AFC
1962,West Germany,Italy,Draw,UEFA,UEFA
1998,Scotland,Norway,Draw,UEFA,UEFA
1990,Italy,Austria,Win,UEFA,UEFA
1934,Czechoslovakia,Romania,Win,UEFA,UEFA
2010,Uruguay,South Korea,Win,CONMEBOL,AFC
1982,Soviet Union,New Zealand,Win,UEFA,OFC
1966,Brazil,Bulgaria,Win,CONMEBOL,UEFA
2002,Germany,Paraguay,Win,UEFA,CONMEBOL
1986,Scotland,Denmark,Loss,UEFA,UEFA
1994,Nigeria,Bulgaria,Win,CAF,UEFA
2014,Colombia,Uruguay,Win,CONMEBOL,CONMEBOL
2006,Germany,Poland,Win,UEFA,UEFA
2022,Qatar,Senegal,Loss,AFC,CAF
2014,Spain,Chile,Loss,UEFA,CONMEBOL
1974,West Germany,Chile,Win,UEFA,CONMEBOL
1994,Argentina,Greece,Win,CONMEBOL,UEFA
2010,Paraguay,Japan,Win,CONMEBOL,AFC
1978,Argentina,Peru,Win,CONMEBOL,CONMEBOL
2006,Ukraine,Tunisia,Win,UEFA,CAF
2022,Ecuador,Senegal,Loss,CONMEBOL,CAF
2018,Denmark,Australia,Draw,UEFA,AFC
1998,Belgium,Mexico,Draw,UEFA,CONCACAF
2014,Nigeria,Bosnia and Herzegovina,Win,CAF,UEFA
2010,Paraguay,Spain,Loss,CONMEBOL,UEFA
2002,England,Brazil,Loss,UEFA,CONMEBOL
1966,Soviet Union,Hungary,Win,UEFA,UEFA
1990,England,Egypt,Win,UEFA,CAF
1994,Bolivia,Spain,Loss,CONMEBOL,UEFA
2014,Nigeria,Argentina,Loss,CAF,CONMEBOL
1998,Romania,Croatia,Loss,UEFA,UEFA
2022,Tunisia,Australia,Loss,CAF,AFC
1986,Northern Ireland,Brazil,Loss,UEFA,CONMEBOL
2022,France,Australia,Win,UEFA,AFC
2002,Mexico,Ecuador,Win,CONCACAF,CONMEBOL
2006,Italy,France,Win,UEFA,UEFA
1934,Germany,Sweden,Win,UEFA,UEFA
1950,United States,England,Win,CONCACAF,UEFA
1978,West Germany,Mexico,Win,UEFA,CONCACAF
2010,New Zealand,Slovakia,Draw,OFC,UEFA
1994,Bulgaria,Italy,Loss,UEFA,UEFA
1990,Italy,England,Win,UEFA,UEFA
1986,Mexico,Paraguay,Draw,CONCACAF,CONMEBOL
1994,Brazil,United States,Win,CONMEBOL,CONCACAF
1982,Italy,Cameroon,Draw,UEFA,CAF
2022,Belgium,Morocco,Loss,UEFA,CAF
1982,West Germany,Algeria,Loss,UEFA,CAF
1998,Morocco,Norway,Draw,CAF,UEFA
1930,Yugoslavia,Bolivia,Win,UEFA,CONMEBOL
1970,Italy,Israel,Draw,UEFA,UEFA
1978,Brazil,Poland,Win,CONMEBOL,UEFA
2018,Tunisia,England,Loss,CAF,UEFA
1982,Italy,West Germany,Win,UEFA,UEFA
1982,England,Kuwait,Win,UEFA,AFC
1982,Austria,France,Loss,UEFA,UEFA
1998,Japan,Jamaica,Loss,AFC,CONCACAF
1954,Austria,Czechoslovakia,Win,UEFA,UEFA
2002,South Africa,Spain,Loss,CAF,UEFA
2022,Belgium,Canada,Win,UEFA,CONCACAF
2022,Poland,Saudi Arabia,Win,UEFA,AFC
1958,Yugoslavia,Scotland,Draw,UEFA,UEFA
1954,Turkey,South Korea,Win,UEFA,AFC
1958,Sweden,Wales,Draw,UEFA,UEFA
1950,Uruguay,Sweden,Win,CONMEBOL,UEFA
1954,France,Mexico,Win,UEFA,CONCACAF
1986,England,Morocco,Draw,UEFA,CAF
1990,Republic of Ireland,Italy,Loss,UEFA,UEFA
2002,Senegal,Turkey,Loss,CAF,UEFA
2014,Argentina,Belgium,Win,CONMEBOL,UEFA
2014,Iran,Nigeria,Draw,AFC,CAF
2022,Senegal,Netherlands,Loss,CAF,UEFA
1994,Sweden,Bulgaria,Win,UEFA,UEFA
2002,Tunisia,Belgium,Draw,CAF,UEFA
2002,Tunisia,Japan,Loss,CAF,AFC
2002,Cameroon,Germany,Loss,CAF,UEFA
1998,Japan,Croatia,Loss,AFC,UEFA
1998,France,Denmark,Win,UEFA,UEFA
1990,Netherlands,Egypt,Draw,UEFA,CAF
1974,Zaire,Scotland,Loss,CAF,UEFA
1958,Soviet Union,Austria,Win,UEFA,UEFA
1966,Soviet Union,Italy,Win,UEFA,UEFA
2010,Serbia,Ghana,Loss,UEFA,CAF
2014,Argentina,Switzerland,Win,CONMEBOL,UEFA
1986,Northern Ireland,Spain,Loss,UEFA,UEFA
2010,Netherlands,Denmark,Win,UEFA,UEFA
1970,Uruguay,Israel,Win,CONMEBOL,UEFA
2018,Germany,Mexico,Loss,UEFA,CONCACAF
1986,Algeria,Spain,Loss,CAF,UEFA
2010,Germany,England,Win,UEFA,UEFA
2014,Belgium,Russia,Win,UEFA,UEFA
1990,Belgium,Uruguay,Win,UEFA,CONMEBOL
1950,Spain,England,Win,UEFA,UEFA
2014,Japan,Colombia,Loss,AFC,CONMEBOL
2006,Netherlands,Argentina,Draw,UEFA,CONMEBOL
1978,Brazil,Peru,Win,CONMEBOL,CONMEBOL
2022,Morocco,Croatia,Draw,CAF,UEFA
1974,Argentina,Italy,Draw,CONMEBOL,UEFA
2018,Argentina,Iceland,Draw,CONMEBOL,UEFA
1986,West Germany,Mexico,Win,UEFA,CONCACAF
2018,Belgium,England,Win,UEFA,UEFA
2014,United States,Germany,Loss,CONCACAF,UEFA
1982,Italy,Argentina,Win,UEFA,CONMEBOL
1934,Switzerland,Netherlands,Win,UEFA,UEFA
2022,England,Senegal,Win,UEFA,CAF
2006,Argentina,Ivory Coast,Win,CONMEBOL,CAF
2010,England,United States,Draw,UEFA,CONCACAF
2010,Netherlands,Brazil,Win,UEFA,CONMEBOL
2010,England,Algeria,Draw,UEFA,CAF
1982,Belgium,Soviet Union,Loss,UEFA,UEFA
1938,Cuba,Romania,Draw,CONCACAF,UEFA
1930,Brazil,Bolivia,Win,CONMEBOL,CONMEBOL
1982,Argentina,Belgium,Loss,CONMEBOL,UEFA
1982,France,Kuwait,Win,UEFA,AFC
2018,Spain,Russia,Loss,UEFA,UEFA
1998,Germany,Mexico,Win,UEFA,CONCACAF
2022,Switzerland,Cameroon,Win,UEFA,CAF
1998,Yugoslavia,Iran,Win,UEFA,AFC
1934,Hungary,Egypt,Win,UEFA,CAF
2014,Colombia,Ivory Coast,Win,CONMEBOL,CAF
1990,Italy,Czechoslovakia,Win,UEFA,UEFA
2010,United States,Algeria,Win,CONCACAF,CAF
1990,Austria,United States,Win,UEFA,CONCACAF
2022,Argentina,Saudi Arabia,Loss,CONMEBOL,AFC
1986,Brazil,Poland,Win,CONMEBOL,UEFA
2006,Italy,Australia,Win,UEFA,AFC
1982,West Germany,France,Win,UEFA,UEFA
1998,Romania,Colombia,Win,UEFA,CONMEBOL
2010,Greece,Argentina,Loss,UEFA,CONMEBOL
1950,Italy,Paraguay,Win,UEFA,CONMEBOL
1986,Denmark,Spain,Loss,UEFA,UEFA
2002,Poland,United States,Win,UEFA,CONCACAF
1994,Mexico,Republic of Ireland,Win,CONCACAF,UEFA
1958,Czechoslovakia,Argentina,Win,UEFA,CONMEBOL
2010,Uruguay,France,Draw,CONMEBOL,UEFA
2018,Brazil,Mexico,Win,CONMEBOL,CONCACAF
1934,Czechoslovakia,Switzerland,Win,UEFA,UEFA
1982,Yugoslavia,Northern Ireland,Draw,UEFA,UEFA
2018,France,Belgium,Win,UEFA,UEFA
1962,Soviet Union,Colombia,Draw,UEFA,CONMEBOL
1954,West Germany,Turkey,Win,UEFA,UEFA
1998,Brazil,France,Loss,CONMEBOL,UEFA
1966,France,Mexico,Draw,UEFA,CONCACAF
1990,Brazil,Argentina,Loss,CONMEBOL,CONMEBOL
2010,Ivory Coast,Portugal,Draw,CAF,UEFA
2014,Netherlands,Costa Rica,Win,UEFA,CONCACAF
1982,Poland,Belgium,Win,UEFA,UEFA
2018,South Korea,Germany,Win,AFC,UEFA
1966,Portugal,Hungary,Win,UEFA,UEFA
2022,Brazil,Switzerland,Win,CONMEBOL,UEFA
2006,Australia,Japan,Win,AFC,AFC
1938,Italy,Brazil,Win,UEFA,CONMEBOL
1954,Hungary,South Korea,Win,UEFA,AFC
1966,Mexico,Uruguay,Draw,CONCACAF,CONMEBOL
2002,Denmark,England,Loss,UEFA,UEFA
1990,South Korea,Uruguay,Loss,AFC,CONMEBOL
1998,Brazil,Norway,Loss,CONMEBOL,UEFA
2010,Algeria,Slovenia,Loss,CAF,UEFA
1966,West Germany,Spain,Win,UEFA,UEFA
2006,Croatia,Australia,Draw,UEFA,AFC
1930,France,Mexico,Win,UEFA,CONCACAF
2010,Brazil,Chile,Win,CONMEBOL,CONMEBOL
1962,Brazil,Czechoslovakia,Draw,CONMEBOL,UEFA
1998,Netherlands,Croatia,Loss,UEFA,UEFA
1986,Brazil,Algeria,Win,CONMEBOL,CAF
1966,Portugal,Bulgaria,Win,UEFA,UEFA
1978,Argentina,Brazil,Draw,CONMEBOL,CONMEBOL
2022,Portugal,Uruguay,Win,UEFA,CONMEBOL
1994,South Korea,Bolivia,Draw,AFC,CONMEBOL
1950,Uruguay,Bolivia,Win,CONMEBOL,CONMEBOL
2018,Sweden,Switzerland,Win,UEFA,UEFA
2002,Spain,South Korea,Loss,UEFA,AFC
1930,Uruguay,Peru,Win,CONMEBOL,CONMEBOL
2010,Ghana,Australia,Draw,CAF,AFC
1966,North Korea,Italy,Win,AFC,UEFA
1994,Mexico,Bulgaria,Loss,CONCACAF,UEFA
2014,Croatia,Mexico,Loss,UEFA,CONCACAF
1994,Netherlands,Brazil,Loss,UEFA,CONMEBOL
2014,Germany,Algeria,Win,UEFA,CAF
1938,Hungary,Dutch East Indies,Win,UEFA,AFC
1974,Brazil,Yugoslavia,Draw,CONMEBOL,UEFA
1954,Switzerland,Italy,Win,UEFA,UEFA
1958,France,Paraguay,Win,UEFA,CONMEBOL
1990,Czechoslovakia,Costa Rica,Win,UEFA,CONCACAF
2014,Colombia,Greece,Win,CONMEBOL,UEFA
1986,Italy,Argentina,Draw,UEFA,CONMEBOL
2022,South Korea,Portugal,Win,AFC,UEFA
1994,Italy,Mexico,Draw,UEFA,CONCACAF
1962,Chile,Switzerland,Win,CONMEBOL,UEFA
2018,Russia,Egypt,Win,UEFA,CAF
1966,Uruguay,France,Win,CONMEBOL,UEFA
1962,West Germany,Switzerland,Win,UEFA,UEFA
1974,Netherlands,Brazil,Win,UEFA,CONMEBOL
1998,Germany,Iran,Win,UEFA,AFC
2002,Ecuador,Croatia,Win,CONMEBOL,UEFA
1970,West Germany,Uruguay,Win,UEFA,CONMEBOL
1986,Spain,Belgium,Loss,UEFA,UEFA
2014,Bosnia and Herzegovina,Iran,Win,UEFA,AFC
1998,Brazil,Netherlands,Win,CONMEBOL,UEFA
1974,Bulgaria,Netherlands,Loss,UEFA,UEFA
2018,Sweden,South Korea,Win,UEFA,AFC
2022,Saudi Arabia,Mexico,Loss,AFC,CONCACAF
2022,Tunisia,France,Win,CAF,UEFA
1934,Italy,Austria,Win,UEFA,UEFA
2018,Poland,Colombia,Loss,UEFA,CONMEBOL
1994,Argentina,Bulgaria,Loss,CONMEBOL,UEFA
1970,Italy,Mexico,Win,UEFA,CONCACAF
1978,Austria,Netherlands,Loss,UEFA,UEFA
2010,Brazil,North Korea,Win,CONMEBOL,AFC
1934,Italy,Czechoslovakia,Win,UEFA,UEFA
2006,Switzerland,Ukraine,Loss,UEFA,UEFA
1938,Hungary,Sweden,Win,UEFA,UEFA
1998,Brazil,Denmark,Win,CONMEBOL,UEFA
1966,England,Portugal,Win,UEFA,UEFA
1990,Argentina,Yugoslavia,Win,CONMEBOL,UEFA
2006,Trinidad and Tobago,Sweden,Draw,CONCACAF,UEFA
2018,Belgium,Tunisia,Win,UEFA,CAF
1966,England,West Germany,Win,UEFA,UEFA
1990,Belgium,Spain,Loss,UEFA,UEFA
1974,Netherlands,West Germany,Loss,UEFA,UEFA
1998,Chile,Cameroon,Draw,CONMEBOL,CAF
2002,Argentina,Nigeria,Win,CONMEBOL,CAF
2002,Cameroon,Saudi Arabia,Win,CAF,AFC
2014,Cameroon,Brazil,Loss,CAF,CONMEBOL
1966,England,France,Win,UEFA,UEFA
1994,United States,Colombia,Win,CONCACAF,CONMEBOL
2006,Netherlands,Ivory Coast,Win,UEFA,CAF
1954,Hungary,West Germany,Win,UEFA,UEFA
1938,Italy,Hungary,Win,UEFA,UEFA
1974,Australia,West Germany,Loss,AFC,UEFA
2006,Italy,Ghana,Win,UEFA,CAF
1966,Argentina,Spain,Win,CONMEBOL,UEFA
1950,Brazil,Switzerland,Draw,CONMEBOL,UEFA
2018,Colombia,Japan,Loss,CONMEBOL,AFC
1934,Italy,Spain,Draw,UEFA,UEFA
1998,Italy,Austria,Win,UEFA,UEFA
1994,United States,Romania,Loss,CONCACAF,UEFA
1970,Soviet Union,Uruguay,Loss,UEFA,CONMEBOL
2022,England,United States,Draw,UEFA,CONCACAF
2002,Uruguay,Denmark,Loss,CONMEBOL,UEFA
1990,Soviet Union,Romania,Loss,UEFA,UEFA
2010,South Africa,Uruguay,Loss,CAF,CONMEBOL
1994,Netherlands,Republic of Ireland,Win,UEFA,UEFA
2006,Saudi Arabia,Spain,Loss,AFC,UEFA
1998,Chile,Austria,Draw,CONMEBOL,UEFA
2014,Honduras,Switzerland,Loss,CONCACAF,UEFA
1994,Romania,Argentina,Win,UEFA,CONMEBOL
2022,Croatia,Brazil,Win,UEFA,CONMEBOL
1950,Uruguay,Spain,Draw,CONMEBOL,UEFA
1950,Switzerland,Mexico,Win,UEFA,CONCACAF
2006,Portugal,Netherlands,Win,UEFA,UEFA
1990,United States,Czechoslovakia,Loss,CONCACAF,UEFA
1970,Uruguay,Italy,Draw,CONMEBOL,UEFA
1990,Cameroon,England,Loss,CAF,UEFA
1966,Hungary,Brazil,Win,UEFA,CONMEBOL
2014,Algeria,Russia,Draw,CAF,UEFA
2022,Ghana,Uruguay,Loss,CAF,CONMEBOL
1958,Soviet Union,England,Draw,UEFA,UEFA
1978,Peru,Scotland,Win,CONMEBOL,UEFA
1974,Poland,Yugoslavia,Win,UEFA,UEFA
1994,Saudi Arabia,Morocco,Win,AFC,CAF
2002,Japan,Turkey,Loss,AFC,UEFA
1954,Austria,Switzerland,Win,UEFA,UEFA
2022,Brazil,Serbia,Win,CONMEBOL,UEFA
1966,England,Argentina,Win,UEFA,CONMEBOL
1962,Czechoslovakia,Spain,Win,UEFA,UEFA
2022,Croatia,Belgium,Draw,UEFA,UEFA
2014,Portugal,Ghana,Win,UEFA,CAF
2002,Germany,United States,Win,UEFA,CONCACAF
1954,West Germany,Austria,Win,UEFA,UEFA
1938,France,Belgium,Win,UEFA,UEFA
1994,Sweden,Brazil,Loss,UEFA,CONMEBOL
1974,Brazil,Poland,Loss,CONMEBOL,UEFA
1958,France,Northern Ireland,Win,UEFA,UEFA
1986,Soviet Union,Belgium,Loss,UEFA,UEFA
1978,Brazil,Austria,Win,CONMEBOL,UEFA
1974,Poland,West Germany,Loss,UEFA,UEFA
1998,Netherlands,Belgium,Draw,UEFA,UEFA
1966,Hungary,Bulgaria,Win,UEFA,UEFA
2018,Uruguay,Saudi Arabia,Win,CONMEBOL,AFC
1986,Mexico,Bulgaria,Win,CONCACAF,UEFA
1978,Italy,France,Win,UEFA,UEFA
1966,Argentina,West Germany,Draw,CONMEBOL,UEFA
2022,Brazil,South Korea,Win,CONMEBOL,AFC
1950,Brazil,Sweden,Win,CONMEBOL,UEFA
1958,Brazil,Soviet Union,Win,CONMEBOL,UEFA
2018,Senegal,Colombia,Loss,CAF,CONMEBOL
1998,South Africa,Saudi Arabia,Draw,CAF,AFC
1986,Hungary,France,Loss,UEFA,UEFA
2018,Peru,Denmark,Loss,CONMEBOL,UEFA
2006,Czech Republic,Italy,Loss,UEFA,UEFA
1970,Brazil,Romania,Win,CONMEBOL,UEFA
2022,Netherlands,United States,Win,UEFA,CONCACAF
1998,Argentina,Jamaica,Win,CONMEBOL,CONCACAF
1958,England,Austria,Draw,UEFA,UEFA
1998,Argentina,Japan,Win,CONMEBOL,AFC
1998,Colombia,England,Loss,CONMEBOL,UEFA
2022,Japan,Costa Rica,Loss,AFC,CONCACAF
2018,Uruguay,Portugal,Win,CONMEBOL,UEFA
1982,Chile,Austria,Loss,CONMEBOL,UEFA
2002,Portugal,Poland,Win,UEFA,UEFA
2010,Netherlands,Slovakia,Win,UEFA,UEFA
1982,Belgium,Hungary,Draw,UEFA,UEFA
1938,Brazil,Czechoslovakia,Draw,CONMEBOL,UEFA
2010,Ghana,Germany,Loss,CAF,UEFA
1990,Brazil,Sweden,Win,CONMEBOL,UEFA
2022,Croatia,Canada,Win,UEFA,CONCACAF
2014,Japan,Greece,Draw,AFC,UEFA
1998,Netherlands,South Korea,Win,UEFA,AFC
1958,Sweden,Soviet Union,Win,UEFA,UEFA
1974,Netherlands,Sweden,Draw,UEFA,UEFA
2010,Slovenia,England,Loss,UEFA,UEFA
1958,Sweden,West Germany,Win,UEFA,UEFA
1970,Mexico,El Salvador,Win,CONCACAF,CONCACAF
1962,Hungary,England,Win,UEFA,UEFA
1978,Austria,West Germany,Win,UEFA,UEFA
2002,Sweden,Nigeria,Win,UEFA,CAF
2006,Mexico,Angola,Draw,CONCACAF,CAF
1954,Switzerland,Italy,Win,UEFA,UEFA
1970,Belgium,El Salvador,Win,UEFA,CONCACAF
1998,Italy,Norway,Win,UEFA,UEFA
1998,France,Croatia,Win,UEFA,UEFA
1958,Hungary,Mexico,Win,UEFA,CONCACAF
2006,Germany,Costa Rica,Win,UEFA,CONCACAF
2006,Sweden,England,Draw,UEFA,UEFA
2022,Spain,Costa Rica,Win,UEFA,CONCACAF
2006,Argentina,Mexico,Win,CONMEBOL,CONCACAF
2014,Brazil,Mexico,Draw,CONMEBOL,CONCACAF
2010,Greece,Nigeria,Win,UEFA,CAF
1998,Romania,Tunisia,Draw,UEFA,CAF
1938,Switzerland,Germany,Draw,UEFA,UEFA
2022,Costa Rica,Germany,Loss,CONCACAF,UEFA
1970,West Germany,England,Win,UEFA,UEFA
1982,Peru,Cameroon,Draw,CONMEBOL,CAF
1974,Uruguay,Netherlands,Loss,CONMEBOL,UEFA
2002,Germany,Republic of Ireland,Draw,UEFA,UEFA
2010,Japan,Cameroon,Win,AFC,CAF
1954,Hungary,Brazil,Win,UEFA,CONMEBOL
2002,Costa Rica,Turkey,Draw,CONCACAF,UEFA
2010,South Korea,Greece,Win,AFC,UEFA
1962,Soviet Union,Yugoslavia,Win,UEFA,UEFA
1970,Brazil,Uruguay,Win,CONMEBOL,CONMEBOL
1950,Spain,United States,Win,UEFA,CONCACAF
2022,Croatia,Morocco,Win,UEFA,CAF
2014,Honduras,Ecuador,Loss,CONCACAF,CONMEBOL
1998,Italy,Cameroon,Win,UEFA,CAF
1930,Romania,Peru,Win,UEFA,CONMEBOL
1974,Zaire,Brazil,Loss,CAF,CONMEBOL
1934,Germany,Austria,Win,UEFA,UEFA
2018,France,Australia,Win,UEFA,AFC
2022,Cameroon,Serbia,Draw,CAF,UEFA
2002,South Korea,United States,Draw,AFC,CONCACAF
1986,Argentina,Uruguay,Win,CONMEBOL,CONMEBOL
1954,Brazil,Mexico,Win,CONMEBOL,CONCACAF
1962,Czechoslovakia,Yugoslavia,Win,UEFA,UEFA
1974,West Germany,Sweden,Win,UEFA,UEFA
1998,Spain,Nigeria,Loss,UEFA,CAF
2002,Nigeria,England,Draw,CAF,UEFA
1954,Austria,Uruguay,Win,UEFA,CONMEBOL
1994,Colombia,Romania,Loss,CONMEBOL,UEFA
1950,Yugoslavia,Switzerland,Win,UEFA,UEFA
1982,Algeria,Austria,Loss,CAF,UEFA
2014,Australia,Netherlands,Loss,AFC,UEFA
1966,West Germany,Soviet Union,Win,UEFA,UEFA
1974,Scotland,Yugoslavia,Draw,UEFA,UEFA
1986,Brazil,France,Loss,CONMEBOL,UEFA
2010,Australia,Serbia,Win,AFC,UEFA
2022,Canada,Morocco,Loss,CONCACAF,CAF
2018,Spain,Morocco,Draw,UEFA,CAF
2014,Brazil,Colombia,Win,CONMEBOL,CONMEBOL
1990,Uruguay,Spain,Draw,CONMEBOL,UEFA
2002,South Korea,Turkey,Loss,AFC,UEFA
2022,Argentina,Mexico,Win,CONMEBOL,CONCACAF
2006,Spain,Tunisia,Win,UEFA,CAF
2014,Germany,Portugal,Win,UEFA,UEFA
1974,East Germany,Australia,Win,UEFA,AFC
1966,Argentina,Switzerland,Win,CONMEBOL,UEFA
1970,Soviet Union,Belgium,Win,UEFA,UEFA
1962,Brazil,Chile,Win,CONMEBOL,CONMEBOL
2002,Costa Rica,Brazil,Loss,CONCACAF,CONMEBOL
1970,West Germany,Bulgaria,Win,UEFA,UEFA
1978,West Germany,Poland,Draw,UEFA,UEFA
1978,Austria,Sweden,Win,UEFA,UEFA
2002,Belgium,Russia,Win,UEFA,UEFA
2014,Spain,Netherlands,Loss,UEFA,UEFA
1970,Brazil,Peru,Win,CONMEBOL,CONMEBOL
2006,Poland,Ecuador,Loss,UEFA,CONMEBOL
1954,West Germany,Hungary,Win,UEFA,UEFA
2022,England,France,Loss,UEFA,UEFA
1982,Austria,Northern Ireland,Draw,UEFA,UEFA
1998,Italy,France,Loss,UEFA,UEFA
1938,Italy,Norway,Win,UEFA,UEFA
2006,France,Switzerland,Draw,UEFA,UEFA
1986,England,Poland,Win,UEFA,UEFA
2010,Paraguay,New Zealand,Draw,CONMEBOL,OFC
2002,Germany,South Korea,Win,UEFA,AFC
1974,Argentina,East Germany,Draw,CONMEBOL,UEFA
1982,Czechoslovakia,Kuwait,Draw,UEFA,AFC
2014,Argentina,Bosnia and Herzegovina,Win,CONMEBOL,UEFA
1990,Argentina,Romania,Draw,CONMEBOL,UEFA
2002,France,Uruguay,Draw,UEFA,CONMEBOL
1938,Sweden,Cuba,Win,UEFA,CONCACAF
2006,Italy,Ukraine,Win,UEFA,UEFA
1966,England,Mexico,Win,UEFA,CONCACAF
2018,France,Argentina,Win,UEFA,CONMEBOL
1934,Italy,Spain,Win,UEFA,UEFA
1986,France,West Germany,Loss,UEFA,UEFA
2010,Cameroon,Netherlands,Loss,CAF,UEFA
1990,Belgium,South Korea,Win,UEFA,AFC
1994,Spain,Switzerland,Win,UEFA,UEFA
1930,Argentina,United States,Win,CONMEBOL,CONCACAF
1962,Czechoslovakia,Hungary,Win,UEFA,UEFA
1994,Morocco,Netherlands,Loss,CAF,UEFA
2002,South Africa,Slovenia,Win,CAF,UEFA
1982,Brazil,Scotland,Win,CONMEBOL,UEFA
2018,Uruguay,Russia,Win,CONMEBOL,UEFA
1998,Nigeria,Denmark,Loss,CAF,UEFA
2002,Japan,Belgium,Draw,AFC,UEFA
1962,Yugoslavia,Colombia,Win,UEFA,CONMEBOL
2022,France,Poland,Win,UEFA,UEFA
1994,Romania,Sweden,Loss,UEFA,UEFA
1970,England,Czechoslovakia,Win,UEFA,UEFA
2010,Spain,Switzerland,Loss,UEFA,UEFA
1958,Wales,Hungary,Win,UEFA,UEFA
2022,Portugal,Ghana,Win,UEFA,CAF
2002,Spain,Slovenia,Win,UEFA,UEFA
2010,Germany,Serbia,Loss,UEFA,UEFA
1966,Portugal,Soviet Union,Win,UEFA,UEFA
1994,Sweden,Russia,Win,UEFA,UEFA
2010,Italy,Paraguay,Draw,UEFA,CONMEBOL
2002,South Korea,Poland,Win,AFC,UEFA
1994,Spain,South Korea,Draw,UEFA,AFC
2022,Qatar,Ecuador,Loss,AFC,CONMEBOL
1974,Argentina,Haiti,Win,CONMEBOL,CONCACAF
2006,Germany,Italy,Loss,UEFA,UEFA
2002,Brazil,Turkey,Win,CONMEBOL,UEFA
1986,Morocco,West Germany,Loss,CAF,UEFA
2018,Poland,Senegal,Loss,UEFA,CAF
1950,Chile,United States,Win,CONMEBOL,CONCACAF
1950,Brazil,Spain,Win,CONMEBOL,UEFA
1954,Brazil,Yugoslavia,Draw,CONMEBOL,UEFA
2014,Cameroon,Croatia,Loss,CAF,UEFA
2014,Brazil,Netherlands,Loss,CONMEBOL,UEFA
1958,West Germany,Northern Ireland,Draw,UEFA,UEFA
2018,Costa Rica,Serbia,Loss,CONCACAF,UEFA
2006,Costa Rica,Poland,Loss,CONCACAF,UEFA
2006,Spain,Ukraine,Win,UEFA,UEFA
1994,Italy,Norway,Win,UEFA,UEFA
2010,Spain,Honduras,Win,UEFA,CONCACAF
2010,Chile,Switzerland,Win,CONMEBOL,UEFA
2022,Japan,Spain,Win,AFC,UEFA
1998,Cameroon,Austria,Draw,CAF,UEFA
1958,Soviet Union,England,Win,UEFA,UEFA
1986,Argentina,Bulgaria,Win,CONMEBOL,UEFA
2002,Mexico,United States,Loss,CONCACAF,CONCACAF
2006,Ivory Coast,Serbia and Montenegro,Win,CAF,UEFA
2014,France,Germany,Loss,UEFA,UEFA
1974,Chile,East Germany,Draw,CONMEBOL,UEFA
2006,Portugal,Mexico,Win,UEFA,CONCACAF
2006,Mexico,Iran,Win,CONCACAF,AFC
1962,Chile,Yugoslavia,Win,CONMEBOL,UEFA
2018,Brazil,Costa Rica,Win,CONMEBOL,CONCACAF
1950,England,Chile,Win,UEFA,CONMEBOL
2014,Netherlands,Argentina,Loss,UEFA,CONMEBOL
1970,Peru,Bulgaria,Win,CONMEBOL,UEFA
1998,Germany,United States,Win,UEFA,CONCACAF
1990,West Germany,Netherlands,Win,UEFA,UEFA
2018,England,Belgium,Loss,UEFA,UEFA
2010,Switzerland,Honduras,Draw,UEFA,CONCACAF
2002,Sweden,Argentina,Draw,UEFA,CONMEBOL
1978,Brazil,Spain,Draw,CONMEBOL,UEFA
2018,Argentina,Croatia,Loss,CONMEBOL,UEFA
2018,France,Peru,Win,UEFA,CONMEBOL
1974,Poland,Italy,Win,UEFA,UEFA
2006,South Korea,Togo,Win,AFC,CAF
1950,Yugoslavia,Mexico,Win,UEFA,CONCACAF
1958,Brazil,Austria,Win,CONMEBOL,UEFA
2018,Iran,Portugal,Draw,AFC,UEFA
1998,United States,Iran,Loss,CONCACAF,AFC
1930,Chile,France,Win,CONMEBOL,UEFA
2018,Serbia,Brazil,Loss,UEFA,CONMEBOL
2022,Mexico,Poland,Draw,CONCACAF,UEFA
2010,Uruguay,Germany,Loss,CONMEBOL,UEFA
2006,Ecuador,Costa Rica,Win,CONMEBOL,CONCACAF
1974,Italy,Haiti,Win,UEFA,CONCACAF
2002,Italy,Croatia,Loss,UEFA,UEFA
2006,Togo,France,Loss,CAF,UEFA
1966,Soviet Union,Chile,Win,UEFA,CONMEBOL
1954,Italy,Belgium,Win,UEFA,UEFA
2010,France,Mexico,Loss,UEFA,CONCACAF
1978,Argentina,Italy,Loss,CONMEBOL,UEFA
1986,England,Paraguay,Win,UEFA,CONMEBOL
2014,Argentina,Iran,Win,CONMEBOL,AFC
2006,Ghana,United States,Win,CAF,CONCACAF
2014,England,Italy,Loss,UEFA,UEFA
2010,Slovakia,Italy,Win,UEFA,UEFA
2018,Croatia,Denmark,Win,UEFA,UEFA
1990,Republic of Ireland,Netherlands,Draw,UEFA,UEFA
1986,Soviet Union,Canada,Win,UEFA,CONCACAF
1962,Yugoslavia,West Germany,Win,UEFA,UEFA
2006,Japan,Croatia,Draw,AFC,UEFA
1986,West Germany,Scotland,Win,UEFA,UEFA
1982,Poland,Italy,Loss,UEFA,UEFA
1982,West Germany,Spain,Win,UEFA,UEFA
1962,Brazil,Mexico,Win,CONMEBOL,CONCACAF
1966,West Germany,Uruguay,Win,UEFA,CONMEBOL
2014,United States,Portugal,Draw,CONCACAF,UEFA
2014,Costa Rica,England,Draw,CONCACAF,UEFA
1986,Bulgaria,Italy,Draw,UEFA,UEFA
2010,Portugal,North Korea,Win,UEFA,AFC
2002,England,Sweden,Draw,UEFA,UEFA
2018,Japan,Poland,Loss,AFC,UEFA
2002,Republic of Ireland,Cameroon,Draw,UEFA,CAF
1994,Saudi Arabia,Sweden,Loss,AFC,UEFA
2002,Slovenia,Paraguay,Loss,UEFA,CONMEBOL
2006,Germany,Argentina,Win,UEFA,CONMEBOL
1950,Sweden,Italy,Win,UEFA,UEFA
2002,United States,Portugal,Win,CONCACAF,UEFA
2018,Iceland,Croatia,Loss,UEFA,UEFA
1982,Poland,Cameroon,Draw,UEFA,CAF
2010,Netherlands,Spain,Loss,UEFA,UEFA
1986,Argentina,Belgium,Win,CONMEBOL,UEFA
2014,Russia,South Korea,Draw,UEFA,AFC
2018,Morocco,Iran,Loss,CAF,AFC
2018,Serbia,Switzerland,Loss,UEFA,UEFA
2014,Netherlands,Chile,Win,UEFA,CONMEBOL
2002,Sweden,Senegal,Loss,UEFA,CAF
1990,Cameroon,Romania,Win,CAF,UEFA
2002,Brazil,Belgium,Win,CONMEBOL,UEFA
1962,England,Argentina,Win,UEFA,CONMEBOL
2022,Australia,Denmark,Win,AFC,UEFA
2018,Switzerland,Costa Rica,Draw,UEFA,CONCACAF
1930,Argentina,France,Win,CONMEBOL,UEFA
1982,Brazil,Soviet Union,Win,CONMEBOL,UEFA
1990,South Korea,Spain,Loss,AFC,UEFA
1978,Argentina,France,Win,CONMEBOL,UEFA
1958,Sweden,Mexico,Win,UEFA,CONCACAF
2018,France,Croatia,Win,UEFA,UEFA
2014,Germany,Ghana,Draw,UEFA,CAF
1982,Belgium,El Salvador,Win,UEFA,CONCACAF
2018,Brazil,Belgium,Loss,CONMEBOL,UEFA
2018,Nigeria,Argentina,Loss,CAF,CONMEBOL
2022,Serbia,Switzerland,Loss,UEFA,UEFA
1998,Romania,England,Win,UEFA,UEFA
2006,Brazil,Ghana,Win,CONMEBOL,CAF
1974,Haiti,Poland,Loss,CONCACAF,UEFA
1954,Yugoslavia,France,Win,UEFA,UEFA
1938,Switzerland,Germany,Win,UEFA,UEFA
1994,Brazil,Italy,Win,CONMEBOL,UEFA
1934,Germany,Belgium,Win,UEFA,UEFA
1978,Netherlands,Iran,Win,UEFA,AFC
2018,Denmark,France,Draw,UEFA,UEFA
1974,Bulgaria,Uruguay,Draw,UEFA,CONMEBOL
1994,Belgium,Morocco,Win,UEFA,CAF
1934,Italy,United States,Win,UEFA,CONCACAF
1994,Germany,South Korea,Win,UEFA,AFC
1978,Poland,Mexico,Win,UEFA,CONCACAF
1978,France,Hungary,Win,UEFA,UEFA
1954,Hungary,Uruguay,Win,UEFA,CONMEBOL
1986,South Korea,Italy,Loss,AFC,UEFA
1986,Argentina,England,Win,CONMEBOL,UEFA
2018,England,Panama,Win,UEFA,CONCACAF
1990,Spain,Yugoslavia,Loss,UEFA,UEFA
1958,France,West Germany,Win,UEFA,UEFA
1974,Yugoslavia,West Germany,Loss,UEFA,UEFA
2018,Belgium,Japan,Win,UEFA,AFC
2010,North Korea,Ivory Coast,Loss,AFC,CAF
1986,Belgium,France,Loss,UEFA,UEFA
2006,Togo,Switzerland,Loss,CAF,UEFA
1998,Netherlands,Argentina,Win,UEFA,CONMEBOL
1986,Canada,France,Loss,CONCACAF,UEFA
1990,Brazil,Costa Rica,Win,CONMEBOL,CONCACAF
2014,South Korea,Belgium,Loss,AFC,UEFA
2018,Russia,Croatia,Loss,UEFA,UEFA
1982,Honduras,Yugoslavia,Loss,CONCACAF,UEFA
1962,Chile,Italy,Win,CONMEBOL,UEFA
1978,Austria,Spain,Win,UEFA,UEFA
2006,Paraguay,Trinidad and Tobago,Win,CONMEBOL,CONCACAF
1974,Australia,Chile,Draw,AFC,CONMEBOL
2006,Serbia and Montenegro,Netherlands,Loss,UEFA,UEFA
1986,Iraq,Mexico,Loss,AFC,CONCACAF
2014,France,Honduras,Win,UEFA,CONCACAF
1986,Denmark,West Germany,Win,UEFA,UEFA
2018,South Korea,Mexico,Loss,AFC,CONCACAF
2018,Croatia,England,Win,UEFA,UEFA
1994,Brazil,Russia,Win,CONMEBOL,UEFA
1982,West Germany,England,Draw,UEFA,UEFA
1982,Spain,England,Draw,UEFA,UEFA
2002,Japan,Russia,Win,AFC,UEFA
1994,Norway,Mexico,Win,UEFA,CONCACAF
1990,West Germany,England,Win,UEFA,UEFA
1962,Hungary,Argentina,Draw,UEFA,CONMEBOL
1958,Brazil,England,Draw,CONMEBOL,UEFA
2010,Nigeria,South Korea,Draw,CAF,AFC
1934,Austria,Hungary,Win,UEFA,UEFA
2022,England,Iran,Win,UEFA,AFC
1966,England,Uruguay,Draw,UEFA,CONMEBOL
1978,Brazil,Italy,Win,CONMEBOL,UEFA
2018,Japan,Senegal,Draw,AFC,CAF
1982,Argentina,El Salvador,Win,CONMEBOL,CONCACAF
1986,Belgium,Mexico,Loss,UEFA,CONCACAF
1982,Spain,Northern Ireland,Loss,UEFA,UEFA
2018,Panama,Tunisia,Loss,CONCACAF,CAF
1974,Yugoslavia,Zaire,Win,UEFA,CAF
1986,Argentina,West Germany,Win,CONMEBOL,UEFA
1986,Portugal,Morocco,Loss,UEFA,CAF
1966,Soviet Union,North Korea,Win,UEFA,AFC
2006,Czech Republic,Ghana,Loss,UEFA,CAF
1966,West Germany,Switzerland,Win,UEFA,UEFA
2006,Angola,Portugal,Loss,CAF,UEFA
2018,Iran,Spain,Loss,AFC,UEFA
2002,Croatia,Mexico,Loss,UEFA,CONCACAF
1970,Bulgaria,Morocco,Draw,UEFA,CAF
2006,Italy,United States,Draw,UEFA,CONCACAF
1982,Argentina,Brazil,Loss,CONMEBOL,CONMEBOL
2022,Poland,Argentina,Loss,UEFA,CONMEBOL
2010,Honduras,Chile,Loss,CONCACAF,CONMEBOL
1998,Germany,Croatia,Loss,UEFA,UEFA
2010,France,South Africa,Loss,UEFA,CAF
1990,Argentina,Italy,Win,CONMEBOL,UEFA
1982,Hungary,El Salvador,Win,UEFA,CONCACAF
2002,Paraguay,South Africa,Draw,CONMEBOL,CAF
2006,Brazil,Croatia,Win,CONMEBOL,UEFA
2014,France,Nigeria,Win,UEFA,CAF
1986,Paraguay,Iraq,Win,CONMEBOL,AFC
2022,Morocco,Spain,Win,CAF,UEFA
1998,Italy,Chile,Draw,UEFA,CONMEBOL
1970,Brazil,Czechoslovakia,Win,CONMEBOL,UEFA
1954,West Germany,Turkey,Win,UEFA,UEFA
2010,Argentina,Mexico,Win,CONMEBOL,CONCACAF
2018,Portugal,Morocco,Win,UEFA,CAF
2014,Uruguay,England,Win,CONMEBOL,UEFA
1954,Uruguay,Scotland,Win,CONMEBOL,UEFA
1958,Brazil,France,Win,CONMEBOL,UEFA
1958,Argentina,Northern Ireland,Win,CONMEBOL,UEFA
1978,Scotland,Iran,Draw,UEFA,AFC
1986,Portugal,England,Win,UEFA,UEFA
1962,Brazil,Spain,Win,CONMEBOL,UEFA
1954,West Germany,Yugoslavia,Win,UEFA,UEFA
1998,Brazil,Morocco,Win,CONMEBOL,CAF
1994,Republic of Ireland,Norway,Draw,UEFA,UEFA
1998,England,Tunisia,Win,UEFA,CAF
1998,Netherlands,Yugoslavia,Win,UEFA,UEFA
2006,England,Portugal,Loss,UEFA,UEFA
2018,Brazil,Switzerland,Draw,CONMEBOL,UEFA
1990,Argentina,Soviet Union,Win,CONMEBOL,UEFA
2006,France,South Korea,Draw,UEFA,AFC
2018,Germany,Sweden,Win,UEFA,UEFA
1974,Sweden,Poland,Loss,UEFA,UEFA
2010,Chile,Spain,Loss,CONMEBOL,UEFA
1978,West Germany,Tunisia,Draw,UEFA,CAF
2002,Germany,Saudi Arabia,Win,UEFA,AFC
1950,Sweden,Spain,Win,UEFA,UEFA
1990,Czechoslovakia,West Germany,Loss,UEFA,UEFA
1974,Argentina,Brazil,Loss,CONMEBOL,CONMEBOL
2006,Spain,France,Loss,UEFA,UEFA
1998,Paraguay,Bulgaria,Draw,CONMEBOL,UEFA
1958,West Germany,Yugoslavia,Win,UEFA,UEFA
1994,Germany,Bolivia,Win,UEFA,CONMEBOL
1986,Denmark,Uruguay,Win,UEFA,CONMEBOL
2002,China,Costa Rica,Loss,AFC,CONCACAF
1990,Cameroon,Colombia,Win,CAF,CONMEBOL
2002,Denmark,France,Win,UEFA,UEFA
2014,Ghana,United States,Loss,CAF,CONCACAF
1990,Italy,Uruguay,Win,UEFA,CONMEBOL
1978,Argentina,Hungary,Win,CONMEBOL,UEFA
2014,Australia,Spain,Loss,AFC,UEFA
2006,Tunisia,Saudi Arabia,Draw,CAF,AFC
1986,South Korea,Bulgaria,Draw,AFC,UEFA
2006,Germany,Portugal,Win,UEFA,UEFA
2006,Brazil,Australia,Win,CONMEBOL,AFC
1990,United Arab Emirates,Colombia,Loss,AFC,CONMEBOL
1978,Brazil,Sweden,Draw,CONMEBOL,UEFA
1962,Mexico,Czechoslovakia,Win,CONCACAF,UEFA
1962,West Germany,Chile,Win,UEFA,CONMEBOL
1974,Sweden,Bulgaria,Draw,UEFA,UEFA
2002,Argentina,England,Loss,CONMEBOL,UEFA
2014,Brazil,Chile,Win,CONMEBOL,CONMEBOL
2002,Portugal,South Korea,Loss,UEFA,AFC
1986,Poland,Portugal,Win,UEFA,UEFA
1998,Netherlands,Mexico,Draw,UEFA,CONCACAF
2006,Switzerland,South Korea,Win,UEFA,AFC
2010,Brazil,Ivory Coast,Win,CONMEBOL,CAF
1998,Argentina,England,Win,CONMEBOL,UEFA
1962,Argentina,Bulgaria,Win,CONMEBOL,UEFA
1990,Costa Rica,Scotland,Win,CONCACAF,UEFA
1994,Brazil,Cameroon,Win,CONMEBOL,CAF
1990,West Germany,Argentina,Win,UEFA,CONMEBOL
1950,Sweden,Paraguay,Draw,UEFA,CONMEBOL
1962,Spain,Mexico,Win,UEFA,CONCACAF
1970,Mexico,Soviet Union,Draw,CONCACAF,UEFA
2014,Italy,Costa Rica,Loss,UEFA,CONCACAF
1930,Yugoslavia,Brazil,Win,UEFA,CONMEBOL
1938,Cuba,Romania,Win,CONCACAF,UEFA
1990,England,Republic of Ireland,Draw,UEFA,UEFA
1982,France,Northern Ireland,Win,UEFA,UEFA
1970,Brazil,England,Win,CONMEBOL,UEFA
1982,Brazil,New Zealand,Win,CONMEBOL,OFC
1986,Paraguay,Belgium,Draw,CONMEBOL,UEFA
2010,Germany,Spain,Loss,UEFA,UEFA
1978,Italy,Netherlands,Loss,UEFA,UEFA
2010,Spain,Portugal,Win,UEFA,UEFA
1994,Germany,Spain,Draw,UEFA,UEFA
2022,Netherlands,Qatar,Win,UEFA,AFC
1938,Italy,France,Win,UEFA,UEFA
1998,Germany,Yugoslavia,Draw,UEFA,UEFA
1982,Honduras,Northern Ireland,Draw,CONCACAF,UEFA
1958,West Germany,Czechoslovakia,Draw,UEFA,UEFA
2006,Iran,Angola,Draw,AFC,CAF
2006,Germany,Sweden,Win,UEFA,UEFA
1958,France,Scotland,Win,UEFA,UEFA
2014,Costa Rica,Greece,Win,CONCACAF,UEFA
1978,Poland,Tunisia,Win,UEFA,CAF
1970,Soviet Union,El Salvador,Win,UEFA,CONCACAF
1930,Uruguay,Yugoslavia,Win,CONMEBOL,UEFA
1982,England,Czechoslovakia,Win,UEFA,UEFA
2022,Wales,Iran,Loss,UEFA,AFC
1998,Colombia,Tunisia,Win,CONMEBOL,CAF
2010,Argentina,Germany,Loss,CONMEBOL,UEFA
1998,Nigeria,Bulgaria,Win,CAF,UEFA
1978,Italy,Hungary,Win,UEFA,UEFA
1990,Italy,United States,Win,UEFA,CONCACAF
1934,Spain,Brazil,Win,UEFA,CONMEBOL
2002,Brazil,China,Win,CONMEBOL,AFC
2006,Brazil,France,Loss,CONMEBOL,UEFA
2014,Greece,Ivory Coast,Win,UEFA,CAF
1966,Chile,North Korea,Draw,CONMEBOL,AFC
2006,Saudi Arabia,Ukraine,Loss,AFC,UEFA
1994,Belgium,Saudi Arabia,Loss,UEFA,AFC
1986,Italy,France,Loss,UEFA,UEFA
1994,United States,Switzerland,Draw,CONCACAF,UEFA
1994,Netherlands,Saudi Arabia,Win,UEFA,AFC
1978,Peru,Iran,Win,CONMEBOL,AFC
2002,Italy,Ecuador,Win,UEFA,CONMEBOL
1990,Republic of Ireland,Romania,Win,UEFA,UEFA
1990,Austria,Czechoslovakia,Loss,UEFA,UEFA
2018,Uruguay,France,Loss,CONMEBOL,UEFA
2022,France,Denmark,Win,UEFA,UEFA
2014,Chile,Australia,Win,CONMEBOL,AFC
1998,United States,Yugoslavia,Loss,CONCACAF,UEFA
1978,Italy,West Germany,Draw,UEFA,UEFA
2002,Germany,Brazil,Loss,UEFA,CONMEBOL
1994,Cameroon,Sweden,Draw,CAF,UEFA
2018,Belgium,Panama,Win,UEFA,CONCACAF
1998,South Africa,Denmark,Draw,CAF,UEFA
1978,Spain,Sweden,Win,UEFA,UEFA
2010,Mexico,Uruguay,Loss,CONCACAF,CONMEBOL
1982,Italy,Peru,Draw,UEFA,CONMEBOL
2010,South Africa,Mexico,Draw,CAF,CONCACAF
1930,United States,Paraguay,Win,CONCACAF,CONMEBOL
1950,Brazil,Mexico,Win,CONMEBOL,CONCACAF
1998,France,Saudi Arabia,Win,UEFA,AFC
1982,Soviet Union,Scotland,Draw,UEFA,UEFA
2006,Portugal,France,Loss,UEFA,UEFA
1966,Portugal,Brazil,Win,UEFA,CONMEBOL
1958,Sweden,Hungary,Win,UEFA,UEFA
1978,Netherlands,Peru,Draw,UEFA,CONMEBOL
1994,Greece,Nigeria,Loss,UEFA,CAF
1962,Hungary,Bulgaria,Win,UEFA,UEFA
2014,Netherlands,Mexico,Win,UEFA,CONCACAF
1990,Republic of Ireland,Egypt,Draw,UEFA,CAF
1954,Austria,Scotland,Win,UEFA,UEFA
1978,Argentina,Poland,Win,CONMEBOL,UEFA
1978,Scotland,Netherlands,Win,UEFA,UEFA
1966,Italy,Chile,Win,UEFA,CONMEBOL
1978,Argentina,Netherlands,Win,CONMEBOL,UEFA
2022,Netherlands,Ecuador,Draw,UEFA,CONMEBOL
2006,United States,Czech Republic,Loss,CONCACAF,UEFA
2022,Wales,England,Loss,UEFA,UEFA
1986,Uruguay,West Germany,Draw,CONMEBOL,UEFA
1990,Sweden,Scotland,Loss,UEFA,UEFA
2014,Brazil,Croatia,Win,CONMEBOL,UEFA
2002,France,Senegal,Loss,UEFA,CAF
1994,Argentina,Nigeria,Win,CONMEBOL,CAF
1958,Brazil,Wales,Win,CONMEBOL,UEFA
2002,Turkey,China,Win,UEFA,AFC
1974,Brazil,East Germany,Win,CONMEBOL,UEFA
1982,Italy,Brazil,Win,UEFA,CONMEBOL
1982,Argentina,Hungary,Win,CONMEBOL,UEFA
1974,Sweden,Uruguay,Win,UEFA,CONMEBOL
2010,Uruguay,Ghana,Win,CONMEBOL,CAF
1974,Poland,Argentina,Win,UEFA,CONMEBOL
1978,Peru,Poland,Loss,CONMEBOL,UEFA
1990,Brazil,Scotland,Win,CONMEBOL,UEFA
2022,South Korea,Ghana,Loss,AFC,CAF
1938,Hungary,Switzerland,Win,UEFA,UEFA
1998,Scotland,Morocco,Loss,UEFA,CAF
1982,West Germany,Chile,Win,UEFA,CONMEBOL
2010,Denmark,Japan,Loss,UEFA,AFC
1958,Yugoslavia,France,Win,UEFA,UEFA
1962,Soviet Union,Uruguay,Win,UEFA,CONMEBOL
1994,Italy,Spain,Win,UEFA,UEFA
1974,Netherlands,Argentina,Win,UEFA,CONMEBOL
1990,Yugoslavia,Colombia,Win,UEFA,CONMEBOL
2010,United States,Ghana,Loss,CONCACAF,CAF
1998,France,Paraguay,Win,UEFA,CONMEBOL
2010,Uruguay,Netherlands,Loss,CONMEBOL,UEFA
1994,Brazil,Sweden,Draw,CONMEBOL,UEFA
1998,Spain,Paraguay,Draw,UEFA,CONMEBOL
2002,South Korea,Italy,Win,AFC,UEFA
2002,Saudi Arabia,Republic of Ireland,Loss,AFC,UEFA
1986,Spain,Brazil,Loss,UEFA,CONMEBOL
1998,Jamaica,Croatia,Loss,CONCACAF,UEFA
2006,England,Paraguay,Win,UEFA,CONMEBOL
1958,Mexico,Wales,Draw,CONCACAF,UEFA
1962,England,Bulgaria,Draw,UEFA,UEFA
2014,Belgium,Algeria,Win,UEFA,CAF
1986,Argentina,South Korea,Win,CONMEBOL,AFC
2022,Argentina,Croatia,Win,CONMEBOL,UEFA
2022,Japan,Croatia,Loss,AFC,UEFA
1966,Portugal,North Korea,Win,UEFA,AFC
2022,Iran,United States,Loss,AFC,CONCACAF
1938,Brazil,Sweden,Win,CONMEBOL,UEFA
2014,Switzerland,France,Loss,UEFA,UEFA
2006,Sweden,Paraguay,Win,UEFA,CONMEBOL
2010,Argentina,Nigeria,Win,CONMEBOL,CAF
1974,East Germany,West Germany,Win,UEFA,UEFA
1998,France,South Africa,Win,UEFA,CAF
2010,Argentina,South Korea,Win,CONMEBOL,AFC
1978,Tunisia,Mexico,Win,CAF,CONCACAF
1970,West Germany,Morocco,Win,UEFA,CAF
2018,Egypt,Uruguay,Loss,CAF,CONMEBOL
1978,Italy,Austria,Win,UEFA,UEFA
2022,Argentina,France,Win,CONMEBOL,UEFA
1970,Peru,Morocco,Win,CONMEBOL,CAF
1982,France,Czechoslovakia,Draw,UEFA,UEFA
2002,Spain,Republic of Ireland,Win,UEFA,UEFA
1982,Soviet Union,Poland,Draw,UEFA,UEFA
1982,Spain,Honduras,Draw,UEFA,CONCACAF
1982,West Germany,Austria,Win,UEFA,UEFA
1934,Sweden,Argentina,Win,UEFA,CONMEBOL
2018,Saudi Arabia,Egypt,Win,AFC,CAF
1994,Italy,Republic of Ireland,Loss,UEFA,UEFA
2022,Cameroon,Brazil,Win,CAF,CONMEBOL
2010,Italy,New Zealand,Draw,UEFA,OFC
1990,West Germany,United Arab Emirates,Win,UEFA,AFC
2010,Portugal,Brazil,Draw,UEFA,CONMEBOL
1970,Italy,Sweden,Win,UEFA,UEFA
2018,Colombia,England,Loss,CONMEBOL,UEFA
2006,Ecuador,Germany,Loss,CONMEBOL,UEFA
1970,Romania,Czechoslovakia,Win,UEFA,UEFA
2002,Russia,Tunisia,Win,UEFA,CAF
2014,Belgium,United States,Win,UEFA,CONCACAF
1962,Chile,Soviet Union,Win,CONMEBOL,UEFA
2014,Switzerland,Ecuador,Win,UEFA,CONMEBOL
1962,Brazil,Czechoslovakia,Win,CONMEBOL,UEFA
1970,Italy,West Germany,Win,UEFA,UEFA
2014,Brazil,Germany,Loss,CONMEBOL,UEFA
2010,Cameroon,Denmark,Loss,CAF,UEFA
1974,Scotland,Brazil,Draw,UEFA,CONMEBOL
1974,East Germany,Netherlands,Loss,UEFA,UEFA
1962,Italy,Switzerland,Win,UEFA,UEFA
2002,Italy,Mexico,Draw,UEFA,CONCACAF
1958,Sweden,Brazil,Loss,UEFA,CONMEBOL
2022,Switzerland,Portugal,Loss,UEFA,UEFA
1950,Brazil,Uruguay,Loss,CONMEBOL,CONMEBOL
1938,Netherlands,Czechoslovakia,Loss,UEFA,UEFA
2022,Argentina,Netherlands,Win,CONMEBOL,UEFA
1998,Croatia,Argentina,Loss,UEFA,CONMEBOL
2022,Tunisia,Denmark,Draw,CAF,UEFA
1998,Bulgaria,Spain,Loss,UEFA,UEFA
2018,Saudi Arabia,Russia,Loss,AFC,UEFA
2006,Ecuador,England,Loss,CONMEBOL,UEFA
1982,New Zealand,Scotland,Loss,OFC,UEFA
1958,Wales,Hungary,Draw,UEFA,UEFA
1954,England,Uruguay,Loss,UEFA,CONMEBOL
2006,Trinidad and Tobago,England,Loss,CONCACAF,UEFA
1990,Belgium,England,Loss,UEFA,UEFA
1978,West Germany,Netherlands,Draw,UEFA,UEFA
2002,Turkey,Brazil,Loss,UEFA,CONMEBOL
1990,United Arab Emirates,Yugoslavia,Loss,AFC,UEFA
1934,Germany,Czechoslovakia,Loss,UEFA,UEFA
1954,Belgium,England,Draw,UEFA,UEFA
1970,Peru,West Germany,Loss,CONMEBOL,UEFA
2018,England,Sweden,Win,UEFA,UEFA
2022,Morocco,France,Loss,CAF,UEFA
1962,England,Brazil,Loss,UEFA,CONMEBOL
1930,Chile,Argentina,Loss,CONMEBOL,CONMEBOL
1982,Chile,Algeria,Loss,CONMEBOL,CAF
2022,South Korea,Uruguay,Draw,AFC,CONMEBOL
1986,Northern Ireland,Algeria,Draw,UEFA,CAF
1990,Cameroon,Argentina,Win,CAF,CONMEBOL
1982,France,England,Loss,UEFA,UEFA
1962,Uruguay,Yugoslavia,Loss,CONMEBOL,UEFA
1986,Belgium,Iraq,Win,UEFA,AFC
1938,Poland,Brazil,Loss,UEFA,CONMEBOL
2006,Brazil,Japan,Win,CONMEBOL,AFC
1990,Soviet Union,Cameroon,Win,UEFA,CAF
1982,Poland,Italy,Draw,UEFA,UEFA
1986,Hungary,Soviet Union,Loss,UEFA,UEFA
1958,Scotland,Paraguay,Loss,UEFA,CONMEBOL
1994,Italy,Nigeria,Win,UEFA,CAF
1998,Paraguay,Nigeria,Win,CONMEBOL,CAF
1954,Switzerland,England,Loss,UEFA,UEFA
2010,Paraguay,Slovakia,Win,CONMEBOL,UEFA
1966,Switzerland,Spain,Loss,UEFA,UEFA
1974,Yugoslavia,Sweden,Loss,UEFA,UEFA
1986,Poland,Morocco,Draw,UEFA,CAF
2014,Japan,Ivory Coast,Loss,AFC,CAF
2022,Portugal,Morocco,Loss,UEFA,CAF
1990,Netherlands,England,Draw,UEFA,UEFA
2018,Sweden,Mexico,Win,UEFA,CONCACAF
2014,Argentina,Germany,Loss,CONMEBOL,UEFA
1938,Czechoslovakia,Brazil,Loss,UEFA,CONMEBOL
2018,Iceland,Nigeria,Loss,UEFA,CAF
1958,Czechoslovakia,Northern Ireland,Loss,UEFA,UEFA
1998,Scotland,Brazil,Loss,UEFA,CONMEBOL
1970,Israel,Sweden,Draw,UEFA,UEFA
2018,Nigeria,Croatia,Loss,CAF,UEFA
1970,Romania,England,Loss,UEFA,UEFA
2014,Uruguay,Italy,Win,CONMEBOL,UEFA
1958,Yugoslavia,Paraguay,Draw,UEFA,CONMEBOL
1986,Soviet Union,France,Draw,UEFA,UEFA
1970,Belgium,Mexico,Loss,UEFA,CONCACAF
1998,Denmark,Saudi Arabia,Win,UEFA,AFC
1994,Switzerland,Romania,Win,UEFA,UEFA
1934,France,Austria,Loss,UEFA,UEFA
2022,Japan,Germany,Win,AFC,UEFA
1950,Chile,Spain,Loss,CONMEBOL,UEFA
1930,Romania,Uruguay,Loss,UEFA,CONMEBOL
1958,West Germany,Argentina,Win,UEFA,CONMEBOL
2022,Germany,Spain,Draw,UEFA,UEFA
2010,Australia,Germany,Loss,AFC,UEFA
1930,Belgium,Paraguay,Loss,UEFA,CONMEBOL
1982,Peru,Poland,Loss,CONMEBOL,UEFA
1958,Czechoslovakia,Northern Ireland,Loss,UEFA,UEFA
2014,Algeria,South Korea,Win,CAF,AFC
1986,Canada,Hungary,Loss,CONCACAF,UEFA
1986,Uruguay,Scotland,Draw,CONMEBOL,UEFA
1970,Uruguay,Sweden,Loss,CONMEBOL,UEFA
1998,Mexico,South Korea,Win,CONCACAF,AFC
2002,Senegal,Denmark,Draw,CAF,UEFA
1950,Yugoslavia,Brazil,Loss,UEFA,CONMEBOL
1990,Yugoslavia,West Germany,Loss,UEFA,UEFA
2018,Spain,Portugal,Draw,UEFA,UEFA
2022,Australia,Argentina,Loss,AFC,CONMEBOL
1930,Argentina,Uruguay,Loss,CONMEBOL,CONMEBOL
1994,Cameroon,Russia,Loss,CAF,UEFA
1930,Belgium,United States,Loss,UEFA,CONCACAF
1954,Czechoslovakia,Uruguay,Loss,UEFA,CONMEBOL
2018,Peru,Australia,Win,CONMEBOL,AFC
2002,Paraguay,Spain,Loss,CONMEBOL,UEFA
1982,Yugoslavia,Spain,Loss,UEFA,UEFA
1998,South Korea,Belgium,Draw,AFC,UEFA
2022,Wales,United States,Draw,UEFA,CONCACAF
2014,Costa Rica,Uruguay,Win,CONCACAF,CONMEBOL
1990,Costa Rica,Sweden,Win,CONCACAF,UEFA
1970,Italy,Brazil,Loss,UEFA,CONMEBOL
1994,Belgium,Germany,Loss,UEFA,UEFA
1994,Netherlands,Belgium,Loss,UEFA,UEFA
1962,Colombia,Uruguay,Loss,CONMEBOL,CONMEBOL
1930,Mexico,Argentina,Loss,CONCACAF,CONMEBOL
2006,Serbia and Montenegro,Argentina,Loss,UEFA,CONMEBOL
1994,Germany,Bulgaria,Loss,UEFA,UEFA
1998,Chile,Brazil,Loss,CONMEBOL,CONMEBOL
2014,France,Ecuador,Draw,UEFA,CONMEBOL
2010,United States,Slovenia,Draw,CONCACAF,UEFA
1930,Mexico,Chile,Loss,CONCACAF,CONMEBOL
2014,Cameroon,Mexico,Loss,CAF,CONCACAF
1994,Greece,Bulgaria,Loss,UEFA,UEFA
1982,France,Poland,Loss,UEFA,UEFA
1994,Colombia,Switzerland,Win,CONMEBOL,UEFA
1990,Colombia,West Germany,Draw,CONMEBOL,UEFA
2010,Japan,Netherlands,Loss,AFC,UEFA
2002,Uruguay,Senegal,Draw,CONMEBOL,CAF
2006,Iran,Portugal,Loss,AFC,UEFA
1962,Italy,West Germany,Draw,UEFA,UEFA
1998,Norway,Scotland,Draw,UEFA,UEFA
1990,Austria,Italy,Loss,UEFA,UEFA
1934,Romania,Czechoslovakia,Loss,UEFA,UEFA
2010,South Korea,Uruguay,Loss,AFC,CONMEBOL
1982,New Zealand,Soviet Union,Loss,OFC,UEFA
1966,Bulgaria,Brazil,Loss,UEFA,CONMEBOL
2002,Paraguay,Germany,Loss,CONMEBOL,UEFA
1986,Denmark,Scotland,Win,UEFA,UEFA
1994,Bulgaria,Nigeria,Loss,UEFA,CAF
2014,Uruguay,Colombia,Loss,CONMEBOL,CONMEBOL
2006,Poland,Germany,Loss,UEFA,UEFA
2022,Senegal,Qatar,Win,CAF,AFC
2014,Chile,Spain,Win,CONMEBOL,UEFA
1974,Chile,West Germany,Loss,CONMEBOL,UEFA
1994,Greece,Argentina,Loss,UEFA,CONMEBOL
2010,Japan,Paraguay,Loss,AFC,CONMEBOL
1978,Peru,Argentina,Loss,CONMEBOL,CONMEBOL
2006,Tunisia,Ukraine,Loss,CAF,UEFA
2022,Senegal,Ecuador,Win,CAF,CONMEBOL
2018,Australia,Denmark,Draw,AFC,UEFA
1998,Mexico,Belgium,Draw,CONCACAF,UEFA
2014,Bosnia and Herzegovina,Nigeria,Loss,UEFA,CAF
2010,Spain,Paraguay,Win,UEFA,CONMEBOL
2002,Brazil,England,Win,CONMEBOL,UEFA
1966,Hungary,Soviet Union,Loss,UEFA,UEFA
1990,Egypt,England,Loss,CAF,UEFA
1994,Spain,Bolivia,Win,UEFA,CONMEBOL
2014,Argentina,Nigeria,Win,CONMEBOL,CAF
1998,Croatia,Romania,Win,UEFA,UEFA
2022,Australia,Tunisia,Win,AFC,CAF
1986,Brazil,Northern Ireland,Win,CONMEBOL,UEFA
2022,Australia,France,Loss,AFC,UEFA
2002,Ecuador,Mexico,Loss,CONMEBOL,CONCACAF
2006,France,Italy,Loss,UEFA,UEFA
1934,Sweden,Germany,Loss,UEFA,UEFA
1950,England,United States,Loss,UEFA,CONCACAF
1978,Mexico,West Germany,Loss,CONCACAF,UEFA
2010,Slovakia,New Zealand,Draw,UEFA,OFC
1994,Italy,Bulgaria,Win,UEFA,UEFA
1990,England,Italy,Loss,UEFA,UEFA
1986,Paraguay,Mexico,Draw,CONMEBOL,CONCACAF
1994,United States,Brazil,Loss,CONCACAF,CONMEBOL
1982,Cameroon,Italy,Draw,CAF,UEFA
2022,Morocco,Belgium,Win,CAF,UEFA
1982,Algeria,West Germany,Win,CAF,UEFA
1998,Norway,Morocco,Draw,UEFA,CAF
1930,Bolivia,Yugoslavia,Loss,CONMEBOL,UEFA
1970,Israel,Italy,Draw,UEFA,UEFA
1978,Poland,Brazil,Loss,UEFA,CONMEBOL
2018,England,Tunisia,Win,UEFA,CAF
1982,West Germany,Italy,Loss,UEFA,UEFA
1982,Kuwait,England,Loss,AFC,UEFA
1982,France,Austria,Win,UEFA,UEFA
1998,Jamaica,Japan,Win,CONCACAF,AFC
1954,Czechoslovakia,Austria,Loss,UEFA,UEFA
2002,Spain,South Africa,Win,UEFA,CAF
2022,Canada,Belgium,Loss,CONCACAF,UEFA
2022,Saudi Arabia,Poland,Loss,AFC,UEFA
1958,Scotland,Yugoslavia,Draw,UEFA,UEFA
1954,South Korea,Turkey,Loss,AFC,UEFA
1958,Wales,Sweden,Draw,UEFA,UEFA
1950,Sweden,Uruguay,Loss,UEFA,CONMEBOL
1954,Mexico,France,Loss,CONCACAF,UEFA
1986,Morocco,England,Draw,CAF,UEFA
1990,Italy,Republic of Ireland,Win,UEFA,UEFA
2002,Turkey,Senegal,Win,UEFA,CAF
2014,Belgium,Argentina,Loss,UEFA,CONMEBOL
2014,Nigeria,Iran,Draw,CAF,AFC
2022,Netherlands,Senegal,Win,UEFA,CAF
1994,Bulgaria,Sweden,Loss,UEFA,UEFA
2002,Belgium,Tunisia,Draw,UEFA,CAF
2002,Japan,Tunisia,Win,AFC,CAF
2002,Germany,Cameroon,Win,UEFA,CAF
1998,Croatia,Japan,Win,UEFA,AFC
1998,Denmark,France,Loss,UEFA,UEFA
1990,Egypt,Netherlands,Draw,CAF,UEFA
1974,Scotland,Zaire,Win,UEFA,CAF
1958,Austria,Soviet Union,Loss,UEFA,UEFA
1966,Italy,Soviet Union,Loss,UEFA,UEFA
2010,Ghana,Serbia,Win,CAF,UEFA
2014,Switzerland,Argentina,Loss,UEFA,CONMEBOL
1986,Spain,Northern Ireland,Win,UEFA,UEFA
2010,Denmark,Netherlands,Loss,UEFA,UEFA
1970,Israel,Uruguay,Loss,UEFA,CONMEBOL
2018,Mexico,Germany,Win,CONCACAF,UEFA
1986,Spain,Algeria,Win,UEFA,CAF
2010,England,Germany,Loss,UEFA,UEFA
2014,Russia,Belgium,Loss,UEFA,UEFA
1990,Uruguay,Belgium,Loss,CONMEBOL,UEFA
1950,England,Spain,Loss,UEFA,UEFA
2014,Colombia,Japan,Win,CONMEBOL,AFC
2006,Argentina,Netherlands,Draw,CONMEBOL,UEFA
1978,Peru,Brazil,Loss,CONMEBOL,CONMEBOL
2022,Croatia,Morocco,Draw,UEFA,CAF
1974,Italy,Argentina,Draw,UEFA,CONMEBOL
2018,Iceland,Argentina,Draw,UEFA,CONMEBOL
1986,Mexico,West Germany,Loss,CONCACAF,UEFA
2018,England,Belgium,Loss,UEFA,UEFA
2014,Germany,United States,Win,UEFA,CONCACAF
1982,Argentina,Italy,Loss,CONMEBOL,UEFA
1934,Netherlands,Switzerland,Loss,UEFA,UEFA
2022,Senegal,England,Loss,CAF,UEFA
2006,Ivory Coast,Argentina,Loss,CAF,CONMEBOL
2010,United States,England,Draw,CONCACAF,UEFA
2010,Brazil,Netherlands,Loss,CONMEBOL,UEFA
2010,Algeria,England,Draw,CAF,UEFA
1982,Soviet Union,Belgium,Win,UEFA,UEFA
1938,Romania,Cuba,Draw,UEFA,CONCACAF
1930,Bolivia,Brazil,Loss,CONMEBOL,CONMEBOL
1982,Belgium,Argentina,Win,UEFA,CONMEBOL
1982,Kuwait,France,Loss,AFC,UEFA
2018,Russia,Spain,Win,UEFA,UEFA
1998,Mexico,Germany,Loss,CONCACAF,UEFA
2022,Cameroon,Switzerland,Loss,CAF,UEFA
1998,Iran,Yugoslavia,Loss,AFC,UEFA
1934,Egypt,Hungary,Loss,CAF,UEFA
2014,Ivory Coast,Colombia,Loss,CAF,CONMEBOL
1990,Czechoslovakia,Italy,Loss,UEFA,UEFA
2010,Algeria,United States,Loss,CAF,CONCACAF
1990,United States,Austria,Loss,CONCACAF,UEFA
2022,Saudi Arabia,Argentina,Win,AFC,CONMEBOL
1986,Poland,Brazil,Loss,UEFA,CONMEBOL
2006,Australia,Italy,Loss,AFC,UEFA
1982,France,West Germany,Loss,UEFA,UEFA
1998,Colombia,Romania,Loss,CONMEBOL,UEFA
2010,Argentina,Greece,Win,CONMEBOL,UEFA
1950,Paraguay,Italy,Loss,CONMEBOL,UEFA
1986,Spain,Denmark,Win,UEFA,UEFA
2002,United States,Poland,Loss,CONCACAF,UEFA
1994,Republic of Ireland,Mexico,Loss,UEFA,CONCACAF
1958,Argentina,Czechoslovakia,Loss,CONMEBOL,UEFA
2010,France,Uruguay,Draw,UEFA,CONMEBOL
2018,Mexico,Brazil,Loss,CONCACAF,CONMEBOL
1934,Switzerland,Czechoslovakia,Loss,UEFA,UEFA
1982,Northern Ireland,Yugoslavia,Draw,UEFA,UEFA
2018,Belgium,France,Loss,UEFA,UEFA
1962,Colombia,Soviet Union,Draw,CONMEBOL,UEFA
1954,Turkey,West Germany,Loss,UEFA,UEFA
1998,France,Brazil,Win,UEFA,CONMEBOL
1966,Mexico,France,Draw,CONCACAF,UEFA
1990,Argentina,Brazil,Win,CONMEBOL,CONMEBOL
2010,Portugal,Ivory Coast,Draw,UEFA,CAF
2014,Costa Rica,Netherlands,Loss,CONCACAF,UEFA
1982,Belgium,Poland,Loss,UEFA,UEFA
2018,Germany,South Korea,Loss,UEFA,AFC
1966,Hungary,Portugal,Loss,UEFA,UEFA
2022,Switzerland,Brazil,Loss,UEFA,CONMEBOL
2006,Japan,Australia,Loss,AFC,AFC
1938,Brazil,Italy,Loss,CONMEBOL,UEFA
1954,South Korea,Hungary,Loss,AFC,UEFA
1966,Uruguay,Mexico,Draw,CONMEBOL,CONCACAF
2002,England,Denmark,Win,UEFA,UEFA
1990,Uruguay,South Korea,Win,CONMEBOL,AFC
1998,Norway,Brazil,Win,UEFA,CONMEBOL
2010,Slovenia,Algeria,Win,UEFA,CAF
1966,Spain,West Germany,Loss,UEFA,UEFA
2006,Australia,Croatia,Draw,AFC,UEFA
1930,Mexico,France,Loss,CONCACAF,UEFA
2010,Chile,Brazil,Loss,CONMEBOL,CONMEBOL
1962,Czechoslovakia,Brazil,Draw,UEFA,CONMEBOL
1998,Croatia,Netherlands,Win,UEFA,UEFA
1986,Algeria,Brazil,Loss,CAF,CONMEBOL
1966,Bulgaria,Portugal,Loss,UEFA,UEFA
1978,Brazil,Argentina,Draw,CONMEBOL,CONMEBOL
2022,Uruguay,Portugal,Loss,CONMEBOL,UEFA
1994,Bolivia,South Korea,Draw,CONMEBOL,AFC
1950,Bolivia,Uruguay,Loss,CONMEBOL,CONMEBOL
2018,Switzerland,Sweden,Loss,UEFA,UEFA
2002,South Korea,Spain,Win,AFC,UEFA
1930,Peru,Uruguay,Loss,CONMEBOL,CONMEBOL
2010,Australia,Ghana,Draw,AFC,CAF
1966,Italy,North Korea,Loss,UEFA,AFC
1994,Bulgaria,Mexico,Win,UEFA,CONCACAF
2014,Mexico,Croatia,Win,CONCACAF,UEFA
1994,Brazil,Netherlands,Win,CONMEBOL,UEFA
2014,Algeria,Germany,Loss,CAF,UEFA
1938,Dutch East Indies,Hungary,Loss,AFC,UEFA
1974,Yugoslavia,Brazil,Draw,UEFA,CONMEBOL
1954,Italy,Switzerland,Loss,UEFA,UEFA
1958,Paraguay,France,Loss,CONMEBOL,UEFA
1990,Costa Rica,Czechoslovakia,Loss,CONCACAF,UEFA
2014,Greece,Colombia,Loss,UEFA,CONMEBOL
1986,Argentina,Italy,Draw,CONMEBOL,UEFA
2022,Portugal,South Korea,Loss,UEFA,AFC
1994,Mexico,Italy,Draw,CONCACAF,UEFA
1962,Switzerland,Chile,Loss,UEFA,CONMEBOL
2018,Egypt,Russia,Loss,CAF,UEFA
1966,France,Uruguay,Loss,UEFA,CONMEBOL
1962,Switzerland,West Germany,Loss,UEFA,UEFA
1974,Brazil,Netherlands,Loss,CONMEBOL,UEFA
1998,Iran,Germany,Loss,AFC,UEFA
2002,Croatia,Ecuador,Loss,UEFA,CONMEBOL
1970,Uruguay,West Germany,Loss,CONMEBOL,UEFA
1986,Belgium,Spain,Win,UEFA,UEFA
2014,Iran,Bosnia and Herzegovina,Loss,AFC,UEFA
1998,Netherlands,Brazil,Loss,UEFA,CONMEBOL
1974,Netherlands,Bulgaria,Win,UEFA,UEFA
2018,South Korea,Sweden,Loss,AFC,UEFA
2022,Mexico,Saudi Arabia,Win,CONCACAF,AFC
2022,France,Tunisia,Loss,UEFA,CAF
1934,Austria,Italy,Loss,UEFA,UEFA
2018,Colombia,Poland,Win,CONMEBOL,UEFA
1994,Bulgaria,Argentina,Win,UEFA,CONMEBOL
1970,Mexico,Italy,Loss,CONCACAF,UEFA
1978,Netherlands,Austria,Win,UEFA,UEFA
2010,North Korea,Brazil,Loss,AFC,CONMEBOL
1934,Czechoslovakia,Italy,Loss,UEFA,UEFA
2006,Ukraine,Switzerland,Win,UEFA,UEFA
1938,Sweden,Hungary,Loss,UEFA,UEFA
1998,Denmark,Brazil,Loss,UEFA,CONMEBOL
1966,Portugal,England,Loss,UEFA,UEFA
1990,Yugoslavia,Argentina,Loss,UEFA,CONMEBOL
2006,Sweden,Trinidad and Tobago,Draw,UEFA,CONCACAF
2018,Tunisia,Belgium,Loss,CAF,UEFA
1966,West Germany,England,Loss,UEFA,UEFA
1990,Spain,Belgium,Win,UEFA,UEFA
1974,West Germany,Netherlands,Win,UEFA,UEFA
1998,Cameroon,Chile,Draw,CAF,CONMEBOL
2002,Nigeria,Argentina,Loss,CAF,CONMEBOL
2002,Saudi Arabia,Cameroon,Loss,AFC,CAF
2014,Brazil,Cameroon,Win,CONMEBOL,CAF
1966,France,England,Loss,UEFA,UEFA
1994,Colombia,United States,Loss,CONMEBOL,CONCACAF
2006,Ivory Coast,Netherlands,Loss,CAF,UEFA
1954,West Germany,Hungary,Loss,UEFA,UEFA
1938,Hungary,Italy,Loss,UEFA,UEFA
1974,West Germany,Australia,Win,UEFA,AFC
2006,Ghana,Italy,Loss,CAF,UEFA
1966,Spain,Argentina,Loss,UEFA,CONMEBOL
1950,Switzerland,Brazil,Draw,UEFA,CONMEBOL
2018,Japan,Colombia,Win,AFC,CONMEBOL
1934,Spain,Italy,Draw,UEFA,UEFA
1998,Austria,Italy,Loss,UEFA,UEFA
1994,Romania,United States,Win,UEFA,CONCACAF
1970,Uruguay,Soviet Union,Win,CONMEBOL,UEFA
2022,United States,England,Draw,CONCACAF,UEFA
2002,Denmark,Uruguay,Win,UEFA,CONMEBOL
1990,Romania,Soviet Union,Win,UEFA,UEFA
2010,Uruguay,South Africa,Win,CONMEBOL,CAF
1994,Republic of Ireland,Netherlands,Loss,UEFA,UEFA
2006,Spain,Saudi Arabia,Win,UEFA,AFC
1998,Austria,Chile,Draw,UEFA,CONMEBOL
2014,Switzerland,Honduras,Win,UEFA,CONCACAF
1994,Argentina,Romania,Loss,CONMEBOL,UEFA
2022,Brazil,Croatia,Loss,CONMEBOL,UEFA
1950,Spain,Uruguay,Draw,UEFA,CONMEBOL
1950,Mexico,Switzerland,Loss,CONCACAF,UEFA
2006,Netherlands,Portugal,Loss,UEFA,UEFA
1990,Czechoslovakia,United States,Win,UEFA,CONCACAF
1970,Italy,Uruguay,Draw,UEFA,CONMEBOL
1990,England,Cameroon,Win,UEFA,CAF
1966,Brazil,Hungary,Loss,CONMEBOL,UEFA
2014,Russia,Algeria,Draw,UEFA,CAF
2022,Uruguay,Ghana,Win,CONMEBOL,CAF
1958,England,Soviet Union,Draw,UEFA,UEFA
1978,Scotland,Peru,Loss,UEFA,CONMEBOL
1974,Yugoslavia,Poland,Loss,UEFA,UEFA
1994,Morocco,Saudi Arabia,Loss,CAF,AFC
2002,Turkey,Japan,Win,UEFA,AFC
1954,Switzerland,Austria,Loss,UEFA,UEFA
2022,Serbia,Brazil,Loss,UEFA,CONMEBOL
1966,Argentina,England,Loss,CONMEBOL,UEFA
1962,Spain,Czechoslovakia,Loss,UEFA,UEFA
2022,Belgium,Croatia,Draw,UEFA,UEFA
2014,Ghana,Portugal,Loss,CAF,UEFA
2002,United States,Germany,Loss,CONCACAF,UEFA
1954,Austria,West Germany,Loss,UEFA,UEFA
1938,Belgium,France,Loss,UEFA,UEFA
1994,Brazil,Sweden,Win,CONMEBOL,UEFA
1974,Poland,Brazil,Win,UEFA,CONMEBOL
1958,Northern Ireland,France,Loss,UEFA,UEFA
1986,Belgium,Soviet Union,Win,UEFA,UEFA
1978,Austria,Brazil,Loss,UEFA,CONMEBOL
1974,West Germany,Poland,Win,UEFA,UEFA
1998,Belgium,Netherlands,Draw,UEFA,UEFA
1966,Bulgaria,Hungary,Loss,UEFA,UEFA
2018,Saudi Arabia,Uruguay,Loss,AFC,CONMEBOL
1986,Bulgaria,Mexico,Loss,UEFA,CONCACAF
1978,France,Italy,Loss,UEFA,UEFA
1966,West Germany,Argentina,Draw,UEFA,CONMEBOL
2022,South Korea,Brazil,Loss,AFC,CONMEBOL
1950,Sweden,Brazil,Loss,UEFA,CONMEBOL
1958,Soviet Union,Brazil,Loss,UEFA,CONMEBOL
2018,Colombia,Senegal,Win,CONMEBOL,CAF
1998,Saudi Arabia,South Africa,Draw,AFC,CAF
1986,France,Hungary,Win,UEFA,UEFA
2018,Denmark,Peru,Win,UEFA,CONMEBOL
2006,Italy,Czech Republic,Win,UEFA,UEFA
1970,Romania,Brazil,Loss,UEFA,CONMEBOL
2022,United States,Netherlands,Loss,CONCACAF,UEFA
1998,Jamaica,Argentina,Loss,CONCACAF,CONMEBOL
1958,Austria,England,Draw,UEFA,UEFA
1998,Japan,Argentina,Loss,AFC,CONMEBOL
1998,England,Colombia,Win,UEFA,CONMEBOL
2022,Costa Rica,Japan,Win,CONCACAF,AFC
2018,Portugal,Uruguay,Loss,UEFA,CONMEBOL
1982,Austria,Chile,Win,UEFA,CONMEBOL
2002,Poland,Portugal,Loss,UEFA,UEFA
2010,Slovakia,Netherlands,Loss,UEFA,UEFA
1982,Hungary,Belgium,Draw,UEFA,UEFA
1938,Czechoslovakia,Brazil,Draw,UEFA,CONMEBOL
2010,Germany,Ghana,Win,UEFA,CAF
1990,Sweden,Brazil,Loss,UEFA,CONMEBOL
2022,Canada,Croatia,Loss,CONCACAF,UEFA
2014,Greece,Japan,Draw,UEFA,AFC
1998,South Korea,Netherlands,Loss,AFC,UEFA
1958,Soviet Union,Sweden,Loss,UEFA,UEFA
1974,Sweden,Netherlands,Draw,UEFA,UEFA
2010,England,Slovenia,Win,UEFA,UEFA
1958,West Germany,Sweden,Loss,UEFA,UEFA
1970,El Salvador,Mexico,Loss,CONCACAF,CONCACAF
1962,England,Hungary,Loss,UEFA,UEFA
1978,West Germany,Austria,Loss,UEFA,UEFA
2002,Nigeria,Sweden,Loss,CAF,UEFA
2006,Angola,Mexico,Draw,CAF,CONCACAF
1954,Italy,Switzerland,Loss,UEFA,UEFA
1970,El Salvador,Belgium,Loss,CONCACAF,UEFA
1998,Norway,Italy,Loss,UEFA,UEFA
1998,Croatia,France,Loss,UEFA,UEFA
1958,Mexico,Hungary,Loss,CONCACAF,UEFA
2006,Costa Rica,Germany,Loss,CONCACAF,UEFA
2006,England,Sweden,Draw,UEFA,UEFA
2022,Costa Rica,Spain,Loss,CONCACAF,UEFA
2006,Mexico,Argentina,Loss,CONCACAF,CONMEBOL
2014,Mexico,Brazil,Draw,CONCACAF,CONMEBOL
2010,Nigeria,Greece,Loss,CAF,UEFA
1998,Tunisia,Romania,Draw,CAF,UEFA
1938,Germany,Switzerland,Draw,UEFA,UEFA
2022,Germany,Costa Rica,Win,UEFA,CONCACAF
1970,England,West Germany,Loss,UEFA,UEFA
1982,Cameroon,Peru,Draw,CAF,CONMEBOL
1974,Netherlands,Uruguay,Win,UEFA,CONMEBOL
2002,Republic of Ireland,Germany,Draw,UEFA,UEFA
2010,Cameroon,Japan,Loss,CAF,AFC
1954,Brazil,Hungary,Loss,CONMEBOL,UEFA
2002,Turkey,Costa Rica,Draw,UEFA,CONCACAF
2010,Greece,South Korea,Loss,UEFA,AFC
1962,Yugoslavia,Soviet Union,Loss,UEFA,UEFA
1970,Uruguay,Brazil,Loss,CONMEBOL,CONMEBOL
1950,United States,Spain,Loss,CONCACAF,UEFA
2022,Morocco,Croatia,Loss,CAF,UEFA
2014,Ecuador,Honduras,Win,CONMEBOL,CONCACAF
1998,Cameroon,Italy,Loss,CAF,UEFA
1930,Peru,Romania,Loss,CONMEBOL,UEFA
1974,Brazil,Zaire,Win,CONMEBOL,CAF
1934,Austria,Germany,Loss,UEFA,UEFA
2018,Australia,France,Loss,AFC,UEFA
2022,Serbia,Cameroon,Draw,UEFA,CAF
2002,United States,South Korea,Draw,CONCACAF,AFC
1986,Uruguay,Argentina,Loss,CONMEBOL,CONMEBOL
1954,Mexico,Brazil,Loss,CONCACAF,CONMEBOL
1962,Yugoslavia,Czechoslovakia,Loss,UEFA,UEFA
1974,Sweden,West Germany,Loss,UEFA,UEFA
1998,Nigeria,Spain,Win,CAF,UEFA
2002,England,Nigeria,Draw,UEFA,CAF
1954,Uruguay,Austria,Loss,CONMEBOL,UEFA
1994,Romania,Colombia,Win,UEFA,CONMEBOL
1950,Switzerland,Yugoslavia,Loss,UEFA,UEFA
1982,Austria,Algeria,Win,UEFA,CAF
2014,Netherlands,Australia,Win,UEFA,AFC
1966,Soviet Union,West Germany,Loss,UEFA,UEFA
1974,Yugoslavia,Scotland,Draw,UEFA,UEFA
1986,France,Brazil,Win,UEFA,CONMEBOL
2010,Serbia,Australia,Loss,UEFA,AFC
2022,Morocco,Canada,Win,CAF,CONCACAF
2018,Morocco,Spain,Draw,CAF,UEFA
2014,Colombia,Brazil,Loss,CONMEBOL,CONMEBOL
1990,Spain,Uruguay,Draw,UEFA,CONMEBOL
2002,Turkey,South Korea,Win,UEFA,AFC
2022,Mexico,Argentina,Loss,CONCACAF,CONMEBOL
2006,Tunisia,Spain,Loss,CAF,UEFA
2014,Portugal,Germany,Loss,UEFA,UEFA
1974,Australia,East Germany,Loss,AFC,UEFA
1966,Switzerland,Argentina,Loss,UEFA,CONMEBOL
1970,Belgium,Soviet Union,Loss,UEFA,UEFA
1962,Chile,Brazil,Loss,CONMEBOL,CONMEBOL
2002,Brazil,Costa Rica,Win,CONMEBOL,CONCACAF
1970,Bulgaria,West Germany,Loss,UEFA,UEFA
1978,Poland,West Germany,Draw,UEFA,UEFA
1978,Sweden,Austria,Loss,UEFA,UEFA
2002,Russia,Belgium,Loss,UEFA,UEFA
2014,Netherlands,Spain,Win,UEFA,UEFA
1970,Peru,Brazil,Loss,CONMEBOL,CONMEBOL
2006,Ecuador,Poland,Win,CONMEBOL,UEFA
1954,Hungary,West Germany,Loss,UEFA,UEFA
2022,France,England,Win,UEFA,UEFA
1982,Northern Ireland,Austria,Draw,UEFA,UEFA
1998,France,Italy,Win,UEFA,UEFA
1938,Norway,Italy,Loss,UEFA,UEFA
2006,Switzerland,France,Draw,UEFA,UEFA
1986,Poland,England,Loss,UEFA,UEFA
2010,New Zealand,Paraguay,Draw,OFC,CONMEBOL
2002,South Korea,Germany,Loss,AFC,UEFA
1974,East Germany,Argentina,Draw,UEFA,CONMEBOL
1982,Kuwait,Czechoslovakia,Draw,AFC,UEFA
2014,Bosnia and Herzegovina,Argentina,Loss,UEFA,CONMEBOL
1990,Romania,Argentina,Draw,UEFA,CONMEBOL
2002,Uruguay,France,Draw,CONMEBOL,UEFA
1938,Cuba,Sweden,Loss,CONCACAF,UEFA
2006,Ukraine,Italy,Loss,UEFA,UEFA
1966,Mexico,England,Loss,CONCACAF,UEFA
2018,Argentina,France,Loss,CONMEBOL,UEFA
1934,Spain,Italy,Loss,UEFA,UEFA
1986,West Germany,France,Win,UEFA,UEFA
2010,Netherlands,Cameroon,Win,UEFA,CAF
1990,South Korea,Belgium,Loss,AFC,UEFA
1994,Switzerland,Spain,Loss,UEFA,UEFA
1930,United States,Argentina,Loss,CONCACAF,CONMEBOL
1962,Hungary,Czechoslovakia,Loss,UEFA,UEFA
1994,Netherlands,Morocco,Win,UEFA,CAF
2002,Slovenia,South Africa,Loss,UEFA,CAF
1982,Scotland,Brazil,Loss,UEFA,CONMEBOL
2018,Russia,Uruguay,Loss,UEFA,CONMEBOL
1998,Denmark,Nigeria,Win,UEFA,CAF
2002,Belgium,Japan,Draw,UEFA,AFC
1962,Colombia,Yugoslavia,Loss,CONMEBOL,UEFA
2022,Poland,France,Loss,UEFA,UEFA
1994,Sweden,Romania,Win,UEFA,UEFA
1970,Czechoslovakia,England,Loss,UEFA,UEFA
2010,Switzerland,Spain,Win,UEFA,UEFA
1958,Hungary,Wales,Loss,UEFA,UEFA
2022,Ghana,Portugal,Loss,CAF,UEFA
2002,Slovenia,Spain,Loss,UEFA,UEFA
2010,Serbia,Germany,Win,UEFA,UEFA
1966,Soviet Union,Portugal,Loss,UEFA,UEFA
1994,Russia,Sweden,Loss,UEFA,UEFA
2010,Paraguay,Italy,Draw,CONMEBOL,UEFA
2002,Poland,South Korea,Loss,UEFA,AFC
1994,South Korea,Spain,Draw,AFC,UEFA
2022,Ecuador,Qatar,Win,CONMEBOL,AFC
1974,Haiti,Argentina,Loss,CONCACAF,CONMEBOL
2006,Italy,Germany,Win,UEFA,UEFA
2002,Turkey,Brazil,Loss,UEFA,CONMEBOL
1986,West Germany,Morocco,Win,UEFA,CAF
2018,Senegal,Poland,Win,CAF,UEFA
1950,United States,Chile,Loss,CONCACAF,CONMEBOL
1950,Spain,Brazil,Loss,UEFA,CONMEBOL
1954,Yugoslavia,Brazil,Draw,UEFA,CONMEBOL
2014,Croatia,Cameroon,Win,UEFA,CAF
2014,Netherlands,Brazil,Win,UEFA,CONMEBOL
1958,Northern Ireland,West Germany,Draw,UEFA,UEFA
2018,Serbia,Costa Rica,Win,UEFA,CONCACAF
2006,Poland,Costa Rica,Win,UEFA,CONCACAF
2006,Ukraine,Spain,Loss,UEFA,UEFA
1994,Norway,Italy,Loss,UEFA,UEFA
2010,Honduras,Spain,Loss,CONCACAF,UEFA
2010,Switzerland,Chile,Loss,UEFA,CONMEBOL
2022,Spain,Japan,Loss,UEFA,AFC
1998,Austria,Cameroon,Draw,UEFA,CAF
1958,England,Soviet Union,Loss,UEFA,UEFA
1986,Bulgaria,Argentina,Loss,UEFA,CONMEBOL
2002,United States,Mexico,Win,CONCACAF,CONCACAF
2006,Serbia and Montenegro,Ivory Coast,Loss,UEFA,CAF
2014,Germany,France,Win,UEFA,UEFA
1974,East Germany,Chile,Draw,UEFA,CONMEBOL
2006,Mexico,Portugal,Loss,CONCACAF,UEFA
2006,Iran,Mexico,Loss,AFC,CONCACAF
1962,Yugoslavia,Chile,Loss,UEFA,CONMEBOL
2018,Costa Rica,Brazil,Loss,CONCACAF,CONMEBOL
1950,Chile,England,Loss,CONMEBOL,UEFA
2014,Argentina,Netherlands,Win,CONMEBOL,UEFA
1970,Bulgaria,Peru,Loss,UEFA,CONMEBOL
1998,United States,Germany,Loss,CONCACAF,UEFA
1990,Netherlands,West Germany,Loss,UEFA,UEFA
2018,Belgium,England,Win,UEFA,UEFA
2010,Honduras,Switzerland,Draw,CONCACAF,UEFA
2002,Argentina,Sweden,Draw,CONMEBOL,UEFA
1978,Spain,Brazil,Draw,UEFA,CONMEBOL
2018,Croatia,Argentina,Win,UEFA,CONMEBOL
2018,Peru,France,Loss,CONMEBOL,UEFA
1974,Italy,Poland,Loss,UEFA,UEFA
2006,Togo,South Korea,Loss,CAF,AFC
1950,Mexico,Yugoslavia,Loss,CONCACAF,UEFA
1958,Austria,Brazil,Loss,UEFA,CONMEBOL
2018,Portugal,Iran,Draw,UEFA,AFC
1998,Iran,United States,Win,AFC,CONCACAF
1930,France,Chile,Loss,UEFA,CONMEBOL
2018,Brazil,Serbia,Win,CONMEBOL,UEFA
2022,Poland,Mexico,Draw,UEFA,CONCACAF
2010,Germany,Uruguay,Win,UEFA,CONMEBOL
2006,Costa Rica,Ecuador,Loss,CONCACAF,CONMEBOL
1974,Haiti,Italy,Loss,CONCACAF,UEFA
2002,Croatia,Italy,Win,UEFA,UEFA
2006,France,Togo,Win,UEFA,CAF
1966,Chile,Soviet Union,Loss,CONMEBOL,UEFA
1954,Belgium,Italy,Loss,UEFA,UEFA
2010,Mexico,France,Win,CONCACAF,UEFA
1978,Italy,Argentina,Win,UEFA,CONMEBOL
1986,Paraguay,England,Loss,CONMEBOL,UEFA
2014,Iran,Argentina,Loss,AFC,CONMEBOL
2006,United States,Ghana,Loss,CONCACAF,CAF
2014,Italy,England,Win,UEFA,UEFA
2010,Italy,Slovakia,Loss,UEFA,UEFA
2018,Denmark,Croatia,Loss,UEFA,UEFA
1990,Netherlands,Republic of Ireland,Draw,UEFA,UEFA
1986,Canada,Soviet Union,Loss,CONCACAF,UEFA
1962,West Germany,Yugoslavia,Loss,UEFA,UEFA
2006,Croatia,Japan,Draw,UEFA,AFC
1986,Scotland,West Germany,Loss,UEFA,UEFA
1982,Italy,Poland,Win,UEFA,UEFA
1982,Spain,West Germany,Loss,UEFA,UEFA
1962,Mexico,Brazil,Loss,CONCACAF,CONMEBOL
1966,Uruguay,West Germany,Loss,CONMEBOL,UEFA
2014,Portugal,United States,Draw,UEFA,CONCACAF
2014,England,Costa Rica,Draw,UEFA,CONCACAF
1986,Italy,Bulgaria,Draw,UEFA,UEFA
2010,North Korea,Portugal,Loss,AFC,UEFA
2002,Sweden,England,Draw,UEFA,UEFA
2018,Poland,Japan,Win,UEFA,AFC
2002,Cameroon,Republic of Ireland,Draw,CAF,UEFA
1994,Sweden,Saudi Arabia,Win,UEFA,AFC
2002,Paraguay,Slovenia,Win,CONMEBOL,UEFA
2006,Argentina,Germany,Loss,CONMEBOL,UEFA
1950,Italy,Sweden,Loss,UEFA,UEFA
2002,Portugal,United States,Loss,UEFA,CONCACAF
2018,Croatia,Iceland,Win,UEFA,UEFA
1982,Cameroon,Poland,Draw,CAF,UEFA
2010,Spain,Netherlands,Win,UEFA,UEFA
1986,Belgium,Argentina,Loss,UEFA,CONMEBOL
2014,South Korea,Russia,Draw,AFC,UEFA
2018,Iran,Morocco,Win,AFC,CAF
2018,Switzerland,Serbia,Win,UEFA,UEFA
2014,Chile,Netherlands,Loss,CONMEBOL,UEFA
2002,Senegal,Sweden,Win,CAF,UEFA
1990,Romania,Cameroon,Loss,UEFA,CAF
2002,Belgium,Brazil,Loss,UEFA,CONMEBOL
1962,Argentina,England,Loss,CONMEBOL,UEFA
2022,Denmark,Australia,Loss,UEFA,AFC
2018,Costa Rica,Switzerland,Draw,CONCACAF,UEFA
1930,France,Argentina,Loss,UEFA,CONMEBOL
1982,Soviet Union,Brazil,Loss,UEFA,CONMEBOL
1990,Spain,South Korea,Win,UEFA,AFC
1978,France,Argentina,Loss,UEFA,CONMEBOL
1958,Mexico,Sweden,Loss,CONCACAF,UEFA
2018,Croatia,France,Loss,UEFA,UEFA
2014,Ghana,Germany,Draw,CAF,UEFA
1982,El Salvador,Belgium,Loss,CONCACAF,UEFA
2018,Belgium,Brazil,Win,UEFA,CONMEBOL
2018,Argentina,Nigeria,Win,CONMEBOL,CAF
2022,Switzerland,Serbia,Win,UEFA,UEFA
1998,England,Romania,Loss,UEFA,UEFA
2006,Ghana,Brazil,Loss,CAF,CONMEBOL
1974,Poland,Haiti,Win,UEFA,CONCACAF
1954,France,Yugoslavia,Loss,UEFA,UEFA
1938,Germany,Switzerland,Loss,UEFA,UEFA
1994,Italy,Brazil,Loss,UEFA,CONMEBOL
1934,Belgium,Germany,Loss,UEFA,UEFA
1978,Iran,Netherlands,Loss,AFC,UEFA
2018,France,Denmark,Draw,UEFA,UEFA
1974,Uruguay,Bulgaria,Draw,CONMEBOL,UEFA
1994,Morocco,Belgium,Loss,CAF,UEFA
1934,United States,Italy,Loss,CONCACAF,UEFA
1994,South Korea,Germany,Loss,AFC,UEFA
1978,Mexico,Poland,Loss,CONCACAF,UEFA
1978,Hungary,France,Loss,UEFA,UEFA
1954,Uruguay,Hungary,Loss,CONMEBOL,UEFA
1986,Italy,South Korea,Win,UEFA,AFC
1986,England,Argentina,Loss,UEFA,CONMEBOL
2018,Panama,England,Loss,CONCACAF,UEFA
1990,Yugoslavia,Spain,Win,UEFA,UEFA
1958,West Germany,France,Loss,UEFA,UEFA
1974,West Germany,Yugoslavia,Win,UEFA,UEFA
2018,Japan,Belgium,Loss,AFC,UEFA
2010,Ivory Coast,North Korea,Win,CAF,AFC
1986,France,Belgium,Win,UEFA,UEFA
2006,Switzerland,Togo,Win,UEFA,CAF
1998,Argentina,Netherlands,Loss,CONMEBOL,UEFA
1986,France,Canada,Win,UEFA,CONCACAF
1990,Costa Rica,Brazil,Loss,CONCACAF,CONMEBOL
2014,Belgium,South Korea,Win,UEFA,AFC
2018,Croatia,Russia,Win,UEFA,UEFA
1982,Yugoslavia,Honduras,Win,UEFA,CONCACAF
1962,Italy,Chile,Loss,UEFA,CONMEBOL
1978,Spain,Austria,Loss,UEFA,UEFA
2006,Trinidad and Tobago,Paraguay,Loss,CONCACAF,CONMEBOL
1974,Chile,Australia,Draw,CONMEBOL,AFC
2006,Netherlands,Serbia and Montenegro,Win,UEFA,UEFA
1986,Mexico,Iraq,Win,CONCACAF,AFC
2014,Honduras,France,Loss,CONCACAF,UEFA
1986,West Germany,Denmark,Loss,UEFA,UEFA
2018,Mexico,South Korea,Win,CONCACAF,AFC
2018,England,Croatia,Loss,UEFA,UEFA
1994,Russia,Brazil,Loss,UEFA,CONMEBOL
1982,England,West Germany,Draw,UEFA,UEFA
1982,England,Spain,Draw,UEFA,UEFA
2002,Russia,Japan,Loss,UEFA,AFC
1994,Mexico,Norway,Loss,CONCACAF,UEFA
1990,England,West Germany,Loss,UEFA,UEFA
1962,Argentina,Hungary,Draw,CONMEBOL,UEFA
1958,England,Brazil,Draw,UEFA,CONMEBOL
2010,South Korea,Nigeria,Draw,AFC,CAF
1934,Hungary,Austria,Loss,UEFA,UEFA
2022,Iran,England,Loss,AFC,UEFA
1966,Uruguay,England,Draw,CONMEBOL,UEFA
1978,Italy,Brazil,Loss,UEFA,CONMEBOL
2018,Senegal,Japan,Draw,CAF,AFC
1982,El Salvador,Argentina,Loss,CONCACAF,CONMEBOL
1986,Mexico,Belgium,Win,CONCACAF,UEFA
1982,Northern Ireland,Spain,Win,UEFA,UEFA
2018,Tunisia,Panama,Win,CAF,CONCACAF
1974,Zaire,Yugoslavia,Loss,CAF,UEFA
1986,West Germany,Argentina,Loss,UEFA,CONMEBOL
1986,Morocco,Portugal,Win,CAF,UEFA
1966,North Korea,Soviet Union,Loss,AFC,UEFA
2006,Ghana,Czech Republic,Win,CAF,UEFA
1966,Switzerland,West Germany,Loss,UEFA,UEFA
2006,Portugal,Angola,Win,UEFA,CAF
2018,Spain,Iran,Win,UEFA,AFC
2002,Mexico,Croatia,Win,CONCACAF,UEFA
1970,Morocco,Bulgaria,Draw,CAF,UEFA
2006,United States,Italy,Draw,CONCACAF,UEFA
1982,Brazil,Argentina,Win,CONMEBOL,CONMEBOL
2022,Argentina,Poland,Win,CONMEBOL,UEFA
2010,Chile,Honduras,Win,CONMEBOL,CONCACAF
1998,Croatia,Germany,Win,UEFA,UEFA
2010,South Africa,France,Win,CAF,UEFA
1990,Italy,Argentina,Loss,UEFA,CONMEBOL
1982,El Salvador,Hungary,Loss,CONCACAF,UEFA
2002,South Africa,Paraguay,Draw,CAF,CONMEBOL
2006,Croatia,Brazil,Loss,UEFA,CONMEBOL
2014,Nigeria,France,Loss,CAF,UEFA
1986,Iraq,Paraguay,Loss,AFC,CONMEBOL
2022,Spain,Morocco,Loss,UEFA,CAF
1998,Chile,Italy,Draw,CONMEBOL,UEFA
1970,Czechoslovakia,Brazil,Loss,UEFA,CONMEBOL
1954,Turkey,West Germany,Loss,UEFA,UEFA
2010,Mexico,Argentina,Loss,CONCACAF,CONMEBOL
2018,Morocco,Portugal,Loss,CAF,UEFA
2014,England,Uruguay,Loss,UEFA,CONMEBOL
1954,Scotland,Uruguay,Loss,UEFA,CONMEBOL
1958,France,Brazil,Loss,UEFA,CONMEBOL
1958,Northern Ireland,Argentina,Loss,UEFA,CONMEBOL
1978,Iran,Scotland,Draw,AFC,UEFA
1986,England,Portugal,Loss,UEFA,UEFA
1962,Spain,Brazil,Loss,UEFA,CONMEBOL
1954,Yugoslavia,West Germany,Loss,UEFA,UEFA
1998,Morocco,Brazil,Loss,CAF,CONMEBOL
1994,Norway,Republic of Ireland,Draw,UEFA,UEFA
1998,Tunisia,England,Loss,CAF,UEFA
1998,Yugoslavia,Netherlands,Loss,UEFA,UEFA
2006,Portugal,England,Win,UEFA,UEFA
2018,Switzerland,Brazil,Draw,UEFA,CONMEBOL
1990,Soviet Union,Argentina,Loss,UEFA,CONMEBOL
2006,South Korea,France,Draw,AFC,UEFA
2018,Sweden,Germany,Loss,UEFA,UEFA
1974,Poland,Sweden,Win,UEFA,UEFA
2010,Spain,Chile,Win,UEFA,CONMEBOL
1978,Tunisia,West Germany,Draw,CAF,UEFA
2002,Saudi Arabia,Germany,Loss,AFC,UEFA
1950,Spain,Sweden,Loss,UEFA,UEFA
1990,West Germany,Czechoslovakia,Win,UEFA,UEFA
1974,Brazil,Argentina,Win,CONMEBOL,CONMEBOL
2006,France,Spain,Win,UEFA,UEFA
1998,Bulgaria,Paraguay,Draw,UEFA,CONMEBOL
1958,Yugoslavia,West Germany,Loss,UEFA,UEFA
1994,Bolivia,Germany,Loss,CONMEBOL,UEFA
1986,Uruguay,Denmark,Loss,CONMEBOL,UEFA
2002,Costa Rica,China,Win,CONCACAF,AFC
1990,Colombia,Cameroon,Loss,CONMEBOL,CAF
2002,France,Denmark,Loss,UEFA,UEFA
2014,United States,Ghana,Win,CONCACAF,CAF
1990,Uruguay,Italy,Loss,CONMEBOL,UEFA
1978,Hungary,Argentina,Loss,UEFA,CONMEBOL
2014,Spain,Australia,Win,UEFA,AFC
2006,Saudi Arabia,Tunisia,Draw,AFC,CAF
1986,Bulgaria,South Korea,Draw,UEFA,AFC
2006,Portugal,Germany,Loss,UEFA,UEFA
2006,Australia,Brazil,Loss,AFC,CONMEBOL
1990,Colombia,United Arab Emirates,Win,CONMEBOL,AFC
1978,Sweden,Brazil,Draw,UEFA,CONMEBOL
1962,Czechoslovakia,Mexico,Loss,UEFA,CONCACAF
1962,Chile,West Germany,Loss,CONMEBOL,UEFA
1974,Bulgaria,Sweden,Draw,UEFA,UEFA
2002,England,Argentina,Win,UEFA,CONMEBOL
2014,Chile,Brazil,Loss,CONMEBOL,CONMEBOL
2002,South Korea,Portugal,Win,AFC,UEFA
1986,Portugal,Poland,Loss,UEFA,UEFA
1998,Mexico,Netherlands,Draw,CONCACAF,UEFA
2006,South Korea,Switzerland,Loss,AFC,UEFA
2010,Ivory Coast,Brazil,Loss,CAF,CONMEBOL
1998,England,Argentina,Loss,UEFA,CONMEBOL
1962,Bulgaria,Argentina,Loss,UEFA,CONMEBOL
1990,Scotland,Costa Rica,Loss,UEFA,CONCACAF
1994,Cameroon,Brazil,Loss,CAF,CONMEBOL
1990,Argentina,West Germany,Loss,CONMEBOL,UEFA
1950,Paraguay,Sweden,Draw,CONMEBOL,UEFA
1962,Mexico,Spain,Loss,CONCACAF,UEFA
1970,Soviet Union,Mexico,Draw,UEFA,CONCACAF
2014,Costa Rica,Italy,Win,CONCACAF,UEFA
1930,Brazil,Yugoslavia,Loss,CONMEBOL,UEFA
1938,Romania,Cuba,Loss,UEFA,CONCACAF
1990,Republic of Ireland,England,Draw,UEFA,UEFA
1982,Northern Ireland,France,Loss,UEFA,UEFA
1970,England,Brazil,Loss,UEFA,CONMEBOL
1982,New Zealand,Brazil,Loss,OFC,CONMEBOL
1986,Belgium,Paraguay,Draw,UEFA,CONMEBOL
2010,Spain,Germany,Win,UEFA,UEFA
1978,Netherlands,Italy,Win,UEFA,UEFA
2010,Portugal,Spain,Loss,UEFA,UEFA
1994,Spain,Germany,Draw,UEFA,UEFA
2022,Qatar,Netherlands,Loss,AFC,UEFA
1938,France,Italy,Loss,UEFA,UEFA
1998,Yugoslavia,Germany,Draw,UEFA,UEFA
1982,Northern Ireland,Honduras,Draw,UEFA,CONCACAF
1958,Czechoslovakia,West Germany,Draw,UEFA,UEFA
2006,Angola,Iran,Draw,CAF,AFC
2006,Sweden,Germany,Loss,UEFA,UEFA
1958,Scotland,France,Loss,UEFA,UEFA
2014,Greece,Costa Rica,Loss,UEFA,CONCACAF
1978,Tunisia,Poland,Loss,CAF,UEFA
1970,El Salvador,Soviet Union,Loss,CONCACAF,UEFA
1930,Yugoslavia,Uruguay,Loss,UEFA,CONMEBOL
1982,Czechoslovakia,England,Loss,UEFA,UEFA
2022,Iran,Wales,Win,AFC,UEFA
1998,Tunisia,Colombia,Loss,CAF,CONMEBOL
2010,Germany,Argentina,Win,UEFA,CONMEBOL
1998,Bulgaria,Nigeria,Loss,UEFA,CAF
1978,Hungary,Italy,Loss,UEFA,UEFA
1990,United States,Italy,Loss,CONCACAF,UEFA
1934,Brazil,Spain,Loss,CONMEBOL,UEFA
2002,China,Brazil,Loss,AFC,CONMEBOL
2006,France,Brazil,Win,UEFA,CONMEBOL
2014,Ivory Coast,Greece,Loss,CAF,UEFA
1966,North Korea,Chile,Draw,AFC,CONMEBOL
2006,Ukraine,Saudi Arabia,Win,UEFA,AFC
1994,Saudi Arabia,Belgium,Win,AFC,UEFA
1986,France,Italy,Win,UEFA,UEFA
1994,Switzerland,United States,Draw,UEFA,CONCACAF
1994,Saudi Arabia,Netherlands,Loss,AFC,UEFA
1978,Iran,Peru,Loss,AFC,CONMEBOL
2002,Ecuador,Italy,Loss,CONMEBOL,UEFA
1990,Romania,Republic of Ireland,Loss,UEFA,UEFA
1990,Czechoslovakia,Austria,Win,UEFA,UEFA
2018,France,Uruguay,Win,UEFA,CONMEBOL
2022,Denmark,France,Loss,UEFA,UEFA
2014,Australia,Chile,Loss,AFC,CONMEBOL
1998,Yugoslavia,United States,Win,UEFA,CONCACAF
1978,West Germany,Italy,Draw,UEFA,UEFA
2002,Brazil,Germany,Win,CONMEBOL,UEFA
1994,Sweden,Cameroon,Draw,UEFA,CAF
2018,Panama,Belgium,Loss,CONCACAF,UEFA
1998,Denmark,South Africa,Draw,UEFA,CAF
1978,Sweden,Spain,Loss,UEFA,UEFA
2010,Uruguay,Mexico,Win,CONMEBOL,CONCACAF
1982,Peru,Italy,Draw,CONMEBOL,UEFA
2010,Mexico,South Africa,Draw,CONCACAF,CAF
1930,Paraguay,United States,Loss,CONMEBOL,CONCACAF
1950,Mexico,Brazil,Loss,CONCACAF,CONMEBOL
1998,Saudi Arabia,France,Loss,AFC,UEFA
1982,Scotland,Soviet Union,Draw,UEFA,UEFA
2006,France,Portugal,Win,UEFA,UEFA
1966,Brazil,Portugal,Loss,CONMEBOL,UEFA
1958,Hungary,Sweden,Loss,UEFA,UEFA
1978,Peru,Netherlands,Draw,CONMEBOL,UEFA
1994,Nigeria,Greece,Win,CAF,UEFA
1962,Bulgaria,Hungary,Loss,UEFA,UEFA
2014,Mexico,Netherlands,Loss,CONCACAF,UEFA
1990,Egypt,Republic of Ireland,Draw,CAF,UEFA
1954,Scotland,Austria,Loss,UEFA,UEFA
1978,Poland,Argentina,Loss,UEFA,CONMEBOL
1978,Netherlands,Scotland,Loss,UEFA,UEFA
1966,Chile,Italy,Loss,CONMEBOL,UEFA
1978,Netherlands,Argentina,Loss,UEFA,CONMEBOL
2022,Ecuador,Netherlands,Draw,CONMEBOL,UEFA
2006,Czech Republic,United States,Win,UEFA,CONCACAF
2022,England,Wales,Win,UEFA,UEFA
1986,West Germany,Uruguay,Draw,UEFA,CONMEBOL
1990,Scotland,Sweden,Win,UEFA,UEFA
2014,Croatia,Brazil,Loss,UEFA,CONMEBOL
2002,Senegal,France,Win,CAF,UEFA
1994,Nigeria,Argentina,Loss,CAF,CONMEBOL
1958,Wales,Brazil,Loss,UEFA,CONMEBOL
2002,China,Turkey,Loss,AFC,UEFA
1974,East Germany,Brazil,Loss,UEFA,CONMEBOL
1982,Brazil,Italy,Loss,CONMEBOL,UEFA
1982,Hungary,Argentina,Loss,UEFA,CONMEBOL
1974,Uruguay,Sweden,Loss,CONMEBOL,UEFA
2010,Ghana,Uruguay,Loss,CAF,CONMEBOL
1974,Argentina,Poland,Loss,CONMEBOL,UEFA
1978,Poland,Peru,Win,UEFA,CONMEBOL
1990,Scotland,Brazil,Loss,UEFA,CONMEBOL
2022,Ghana,South Korea,Win,CAF,AFC
1938,Switzerland,Hungary,Loss,UEFA,UEFA
1998,Morocco,Scotland,Win,CAF,UEFA
1982,Chile,West Germany,Loss,CONMEBOL,UEFA
2010,Japan,Denmark,Win,AFC,UEFA
1958,France,Yugoslavia,Loss,UEFA,UEFA
1962,Uruguay,Soviet Union,Loss,CONMEBOL,UEFA
1994,Spain,Italy,Loss,UEFA,UEFA
1974,Argentina,Netherlands,Loss,CONMEBOL,UEFA
1990,Colombia,Yugoslavia,Loss,CONMEBOL,UEFA
2010,Ghana,United States,Win,CAF,CONCACAF
1998,Paraguay,France,Loss,CONMEBOL,UEFA
2010,Netherlands,Uruguay,Win,UEFA,CONMEBOL
1994,Sweden,Brazil,Draw,UEFA,CONMEBOL
1998,Paraguay,Spain,Draw,CONMEBOL,UEFA
2002,Italy,South Korea,Loss,UEFA,AFC
2002,Republic of Ireland,Saudi Arabia,Win,UEFA,AFC
1986,Brazil,Spain,Win,CONMEBOL,UEFA
1998,Croatia,Jamaica,Win,UEFA,CONCACAF
2006,Paraguay,England,Loss,CONMEBOL,UEFA
1958,Wales,Mexico,Draw,UEFA,CONCACAF
1962,Bulgaria,England,Draw,UEFA,UEFA
2014,Algeria,Belgium,Loss,CAF,UEFA
1986,South Korea,Argentina,Loss,AFC,CONMEBOL
2022,Croatia,Argentina,Loss,UEFA,CONMEBOL
2022,Croatia,Japan,Win,UEFA,AFC
1966,North Korea,Portugal,Loss,AFC,UEFA
2022,United States,Iran,Win,CONCACAF,AFC
1938,Sweden,Brazil,Loss,UEFA,CONMEBOL
2014,France,Switzerland,Win,UEFA,UEFA
2006,Paraguay,Sweden,Loss,CONMEBOL,UEFA
2010,Nigeria,Argentina,Loss,CAF,CONMEBOL
1974,West Germany,East Germany,Loss,UEFA,UEFA
1998,South Africa,France,Loss,CAF,UEFA
2010,South Korea,Argentina,Loss,AFC,CONMEBOL
1978,Mexico,Tunisia,Loss,CONCACAF,CAF
1970,Morocco,West Germany,Loss,CAF,UEFA
2018,Uruguay,Egypt,Win,CONMEBOL,CAF
1978,Austria,Italy,Loss,UEFA,UEFA
2022,France,Argentina,Loss,UEFA,CONMEBOL
1970,Morocco,Peru,Loss,CAF,CONMEBOL
1982,Czechoslovakia,France,Draw,UEFA,UEFA
2002,Republic of Ireland,Spain,Loss,UEFA,UEFA
1982,Poland,Soviet Union,Draw,UEFA,UEFA
1982,Honduras,Spain,Draw,CONCACAF,UEFA
1982,Austria,West Germany,Loss,UEFA,UEFA
1934,Argentina,Sweden,Loss,CONMEBOL,UEFA
2018,Egypt,Saudi Arabia,Loss,CAF,AFC
1994,Republic of Ireland,Italy,Win,UEFA,UEFA
2022,Brazil,Cameroon,Loss,CONMEBOL,CAF
2010,New Zealand,Italy,Draw,OFC,UEFA
1990,United Arab Emirates,West Germany,Loss,AFC,UEFA
2010,Brazil,Portugal,Draw,CONMEBOL,UEFA
1970,Sweden,Italy,Loss,UEFA,UEFA
2018,England,Colombia,Win,UEFA,CONMEBOL
2006,Germany,Ecuador,Win,UEFA,CONMEBOL
1970,Czechoslovakia,Romania,Loss,UEFA,UEFA
2002,Tunisia,Russia,Loss,CAF,UEFA
2014,United States,Belgium,Loss,CONCACAF,UEFA
1962,Soviet Union,Chile,Loss,UEFA,CONMEBOL
2014,Ecuador,Switzerland,Loss,CONMEBOL,UEFA
1962,Czechoslovakia,Brazil,Loss,UEFA,CONMEBOL
1970,West Germany,Italy,Loss,UEFA,UEFA
2014,Germany,Brazil,Win,UEFA,CONMEBOL
2010,Denmark,Cameroon,Win,UEFA,CAF
1974,Brazil,Scotland,Draw,CONMEBOL,UEFA
1974,Netherlands,East Germany,Win,UEFA,UEFA
1962,Switzerland,Italy,Loss,UEFA,UEFA
