year,team,stage_score,final_position
1930,Argentina,5,Final
1930,Belgium,1,Group Stage
1930,Bolivia,1,Group Stage
1930,Brazil,1,Group Stage
1930,Chile,1,Group Stage
1930,France,1,Group Stage
1930,Mexico,1,Group Stage
1930,Paraguay,1,Group Stage
1930,Peru,1,Group Stage
1930,Romania,1,Group Stage
1930,United States,4,Semi-finals
1930,Uruguay,5,Final
1930,Yugoslavia,4,Semi-finals
1934,Argentina,2,Round of 16
1934,Austria,4,Semi-finals
1934,Belgium,2,Round of 16
1934,Brazil,2,Round of 16
1934,Czechoslovakia,5,Final
1934,Egypt,2,Round of 16
1934,France,2,Round of 16
1934,Germany,4,Semi-finals
1934,Hungary,3,Quarter-finals
1934,Italy,5,Final
1934,Netherlands,2,Round of 16
1934,Romania,2,Round of 16
1934,Spain,3,Quarter-finals
1934,Sweden,3,Quarter-finals
1934,Switzerland,3,Quarter-finals
1934,United States,2,Round of 16
1938,Belgium,2,Round of 16
1938,Brazil,4,Semi-finals
1938,Cuba,3,Quarter-finals
1938,Czechoslovakia,3,Quarter-finals
1938,Dutch East Indies,2,Round of 16
1938,France,3,Quarter-finals
1938,Germany,2,Round of 16
1938,Hungary,5,Final
1938,Italy,5,Final
1938,Netherlands,2,Round of 16
1938,Norway,2,Round of 16
1938,Poland,2,Round of 16
1938,Romania,2,Round of 16
1938,Sweden,4,Semi-finals
1938,Switzerland,3,Quarter-finals
1950,Bolivia,1,Group Stage
1950,Brazil,5,Final
1950,Chile,1,Group Stage
1950,England,1,Group Stage
1950,Italy,1,Group Stage
1950,Mexico,1,Group Stage
1950,Paraguay,1,Group Stage
1950,Spain,5,Final
1950,Sweden,5,Final
1950,Switzerland,1,Group Stage
1950,United States,1,Group Stage
1950,Uruguay,5,Final
1950,Yugoslavia,1,Group Stage
1954,Austria,4,Semi-finals
1954,Belgium,1,Group Stage
1954,Brazil,3,Quarter-finals
1954,Czechoslovakia,1,Group Stage
1954,England,3,Quarter-finals
1954,France,1,Group Stage
1954,Hungary,5,Final
1954,Italy,1,Group Stage
1954,Mexico,1,Group Stage
1954,Scotland,1,Group Stage
1954,South Korea,1,Group Stage
1954,Switzerland,3,Quarter-finals
1954,Turkey,1,Group Stage
1954,Uruguay,4,Semi-finals
1954,West Germany,5,Final
1954,Yugoslavia,3,Quarter-finals
1958,Argentina,1,Group Stage
1958,Austria,1,Group Stage
1958,Brazil,5,Final
1958,Czechoslovakia,1,Group Stage
1958,England,1,Group Stage
1958,France,4,Semi-finals
1958,Hungary,1,Group Stage
1958,Mexico,1,Group Stage
1958,Northern Ireland,3,Quarter-finals
1958,Paraguay,1,Group Stage
1958,Scotland,1,Group Stage
1958,Soviet Union,3,Quarter-finals
1958,Sweden,5,Final
1958,Wales,3,Quarter-finals
1958,West Germany,4,Semi-finals
1958,Yugoslavia,3,Quarter-finals
1962,Argentina,1,Group Stage
1962,Brazil,5,Final
1962,Bulgaria,1,Group Stage
1962,Chile,4,Semi-finals
1962,Colombia,1,Group Stage
1962,Czechoslovakia,5,Final
1962,England,3,Quarter-finals
1962,Hungary,3,Quarter-finals
1962,Italy,1,Group Stage
1962,Mexico,1,Group Stage
1962,Soviet Union,3,Quarter-finals
1962,Spain,1,Group Stage
1962,Switzerland,1,Group Stage
1962,Uruguay,1,Group Stage
1962,West Germany,3,Quarter-finals
1962,Yugoslavia,4,Semi-finals
1966,Argentina,3,Quarter-finals
1966,Brazil,1,Group Stage
1966,Bulgaria,1,Group Stage
1966,Chile,1,Group Stage
1966,England,5,Final
1966,France,1,Group Stage
1966,Hungary,3,Quarter-finals
1966,Italy,1,Group Stage
1966,Mexico,1,Group Stage
1966,North Korea,3,Quarter-finals
1966,Portugal,4,Semi-finals
1966,Soviet Union,4,Semi-finals
1966,Spain,1,Group Stage
1966,Switzerland,1,Group Stage
1966,Uruguay,3,Quarter-finals
1966,West Germany,5,Final
1970,Belgium,1,Group Stage
1970,Brazil,5,Final
1970,Bulgaria,1,Group Stage
1970,Czechoslovakia,1,Group Stage
1970,El Salvador,1,Group Stage
1970,England,3,Quarter-finals
1970,Israel,1,Group Stage
1970,Italy,5,Final
1970,Mexico,3,Quarter-finals
1970,Morocco,1,Group Stage
1970,Peru,3,Quarter-finals
1970,Romania,1,Group Stage
1970,Soviet Union,3,Quarter-finals
1970,Sweden,1,Group Stage
1970,Uruguay,4,Semi-finals
1970,West Germany,4,Semi-finals
1974,Argentina,2,Round of 16
1974,Australia,1,Group Stage
1974,Brazil,4,Semi-finals
1974,Bulgaria,1,Group Stage
1974,Chile,1,Group Stage
1974,East Germany,2,Round of 16
1974,Haiti,1,Group Stage
1974,Italy,1,Group Stage
1974,Netherlands,5,Final
1974,Poland,4,Semi-finals
1974,Scotland,1,Group Stage
1974,Sweden,2,Round of 16
1974,Uruguay,1,Group Stage
1974,West Germany,5,Final
1974,Yugoslavia,2,Round of 16
1974,Zaire,1,Group Stage
1978,Argentina,5,Final
1978,Austria,2,Round of 16
1978,Brazil,4,Semi-finals
1978,France,1,Group Stage
1978,Hungary,1,Group Stage
1978,Iran,1,Group Stage
1978,Italy,4,Semi-finals
1978,Mexico,1,Group Stage
1978,Netherlands,5,Final
1978,Peru,2,Round of 16
1978,Poland,2,Round of 16
1978,Scotland,1,Group Stage
1978,Spain,1,Group Stage
1978,Sweden,1,Group Stage
1978,Tunisia,1,Group Stage
1978,West Germany,2,Round of 16
1982,Algeria,1,Group Stage
1982,Argentina,2,Round of 16
1982,Austria,2,Round of 16
1982,Belgium,2,Round of 16
1982,Brazil,2,Round of 16
1982,Cameroon,1,Group Stage
1982,Chile,1,Group Stage
1982,Czechoslovakia,1,Group Stage
1982,El Salvador,1,Group Stage
1982,England,2,Round of 16
1982,France,4,Semi-finals
1982,Honduras,1,Group Stage
1982,Hungary,1,Group Stage
1982,Italy,5,Final
1982,Kuwait,1,Group Stage
1982,New Zealand,1,Group Stage
1982,Northern Ireland,2,Round of 16
1982,Peru,1,Group Stage
1982,Poland,4,Semi-finals
1982,Scotland,1,Group Stage
1982,Soviet Union,2,Round of 16
1982,Spain,2,Round of 16
1982,West Germany,5,Final
1982,Yugoslavia,1,Group Stage
1986,Algeria,1,Group Stage
1986,Argentina,5,Final
1986,Belgium,4,Semi-finals
1986,Brazil,3,Quarter-finals
1986,Bulgaria,2,Round of 16
1986,Canada,1,Group Stage
1986,Denmark,2,Round of 16
1986,England,3,Quarter-finals
1986,France,4,Semi-finals
1986,Hungary,1,Group Stage
1986,Iraq,1,Group Stage
1986,Italy,2,Round of 16
1986,Mexico,3,Quarter-finals
1986,Morocco,2,Round of 16
1986,Northern Ireland,1,Group Stage
1986,Paraguay,2,Round of 16
1986,Poland,2,Round of 16
1986,Portugal,1,Group Stage
1986,Scotland,1,Group Stage
1986,South Korea,1,Group Stage
1986,Soviet Union,2,Round of 16
1986,Spain,3,Quarter-finals
1986,Uruguay,2,Round of 16
1986,West Germany,5,Final
1990,Argentina,5,Final
1990,Austria,1,Group Stage
1990,Belgium,2,Round of 16
1990,Brazil,2,Round of 16
1990,Cameroon,3,Quarter-finals
1990,Colombia,2,Round of 16
1990,Costa Rica,2,Round of 16
1990,Czechoslovakia,3,Quarter-finals
1990,Egypt,1,Group Stage
1990,England,4,Semi-finals
1990,Italy,4,Semi-finals
1990,Netherlands,2,Round of 16
1990,Republic of Ireland,3,Quarter-finals
1990,Romania,2,Round of 16
1990,Scotland,1,Group Stage
1990,South Korea,1,Group Stage
1990,Soviet Union,1,Group Stage
1990,Spain,2,Round of 16
1990,Sweden,1,Group Stage
1990,United Arab Emirates,1,Group Stage
1990,United States,1,Group Stage
1990,Uruguay,2,Round of 16
1990,West Germany,5,Final
1990,Yugoslavia,3,Quarter-finals
1994,Argentina,2,Round of 16
1994,Belgium,2,Round of 16
1994,Bolivia,1,Group Stage
1994,Brazil,5,Final
1994,Bulgaria,4,Semi-finals
1994,Cameroon,1,Group Stage
1994,Colombia,1,Group Stage
1994,Germany,3,Quarter-finals
1994,Greece,1,Group Stage
1994,Italy,5,Final
1994,Mexico,2,Round of 16
1994,Morocco,1,Group Stage
1994,Netherlands,3,Quarter-finals
1994,Nigeria,2,Round of 16
1994,Norway,1,Group Stage
1994,Republic of Ireland,2,Round of 16
1994,Romania,3,Quarter-finals
1994,Russia,1,Group Stage
1994,Saudi Arabia,2,Round of 16
1994,South Korea,1,Group Stage
1994,Spain,3,Quarter-finals
1994,Sweden,4,Semi-finals
1994,Switzerland,2,Round of 16
1994,United States,2,Round of 16
1998,Argentina,3,Quarter-finals
1998,Austria,1,Group Stage
1998,Belgium,1,Group Stage
1998,Brazil,5,Final
1998,Bulgaria,1,Group Stage
1998,Cameroon,1,Group Stage
1998,Chile,2,Round of 16
1998,Colombia,1,Group Stage
1998,Croatia,4,Semi-finals
1998,Denmark,3,Quarter-finals
1998,England,2,Round of 16
1998,France,5,Final
1998,Germany,3,Quarter-finals
1998,Iran,1,Group Stage
1998,Italy,3,Quarter-finals
1998,Jamaica,1,Group Stage
1998,Japan,1,Group Stage
1998,Mexico,2,Round of 16
1998,Morocco,1,Group Stage
1998,Netherlands,4,Semi-finals
1998,Nigeria,2,Round of 16
1998,Norway,2,Round of 16
1998,Paraguay,2,Round of 16
1998,Romania,2,Round of 16
1998,Saudi Arabia,1,Group Stage
1998,Scotland,1,Group Stage
1998,South Africa,1,Group Stage
1998,South Korea,1,Group Stage
1998,Spain,1,Group Stage
1998,Tunisia,1,Group Stage
1998,United States,1,Group Stage
1998,Yugoslavia,2,Round of 16
2002,Argentina,1,Group Stage
2002,Belgium,2,Round of 16
2002,Brazil,5,Final
2002,Cameroon,1,Group Stage
2002,China,1,Group Stage
2002,Costa Rica,1,Group Stage
2002,Croatia,1,Group Stage
2002,Denmark,2,Round of 16
2002,Ecuador,1,Group Stage
2002,England,3,Quarter-finals
2002,France,1,Group Stage
2002,Germany,5,Final
2002,Italy,2,Round of 16
2002,Japan,2,Round of 16
2002,Mexico,2,Round of 16
2002,Nigeria,1,Group Stage
2002,Paraguay,2,Round of 16
2002,Poland,1,Group Stage
2002,Portugal,1,Group Stage
2002,Republic of Ireland,2,Round of 16
2002,Russia,1,Group Stage
2002,Saudi Arabia,1,Group Stage
2002,Senegal,3,Quarter-finals
2002,Slovenia,1,Group Stage
2002,South Africa,1,Group Stage
2002,South Korea,4,Semi-finals
2002,Spain,3,Quarter-finals
2002,Sweden,2,Round of 16
2002,Tunisia,1,Group Stage
2002,Turkey,4,Semi-finals
2002,United States,3,Quarter-finals
2002,Uruguay,1,Group Stage
2006,Angola,1,Group Stage
2006,Argentina,3,Quarter-finals
2006,Australia,2,Round of 16
2006,Brazil,3,Quarter-finals
2006,Costa Rica,1,Group Stage
2006,Croatia,1,Group Stage
2006,Czech Republic,1,Group Stage
2006,Ecuador,2,Round of 16
2006,England,3,Quarter-finals
2006,France,5,Final
2006,Germany,4,Semi-finals
2006,Ghana,2,Round of 16
2006,Iran,1,Group Stage
2006,Italy,5,Final
2006,Ivory Coast,1,Group Stage
2006,Japan,1,Group Stage
2006,Mexico,2,Round of 16
2006,Netherlands,2,Round of 16
2006,Paraguay,1,Group Stage
2006,Poland,1,Group Stage
2006,Portugal,4,Semi-finals
2006,Saudi Arabia,1,Group Stage
2006,Serbia and Montenegro,1,Group Stage
2006,South Korea,1,Group Stage
2006,Spain,2,Round of 16
2006,Sweden,2,Round of 16
2006,Switzerland,2,Round of 16
2006,Togo,1,Group Stage
2006,Trinidad and Tobago,1,Group Stage
2006,Tunisia,1,Group Stage
2006,Ukraine,3,Quarter-finals
2006,United States,1,Group Stage
2010,Algeria,1,Group Stage
2010,Argentina,3,Quarter-finals
2010,Australia,1,Group Stage
2010,Brazil,3,Quarter-finals
2010,Cameroon,1,Group Stage
2010,Chile,2,Round of 16
2010,Denmark,1,Group Stage
2010,England,2,Round of 16
2010,France,1,Group Stage
2010,Germany,4,Semi-finals
2010,Ghana,3,Quarter-finals
2010,Greece,1,Group Stage
2010,Honduras,1,Group Stage
2010,Italy,1,Group Stage
2010,Ivory Coast,1,Group Stage
2010,Japan,2,Round of 16
2010,Mexico,2,Round of 16
2010,Netherlands,5,Final
2010,New Zealand,1,Group Stage
2010,Nigeria,1,Group Stage
2010,North Korea,1,Group Stage
2010,Paraguay,3,Quarter-finals
2010,Portugal,2,Round of 16
2010,Serbia,1,Group Stage
2010,Slovakia,2,Round of 16
2010,Slovenia,1,Group Stage
2010,South Africa,1,Group Stage
2010,South Korea,2,Round of 16
2010,Spain,5,Final
2010,Switzerland,1,Group Stage
2010,United States,2,Round of 16
2010,Uruguay,4,Semi-finals
2014,Algeria,2,Round of 16
2014,Argentina,5,Final
2014,Australia,1,Group Stage
2014,Belgium,3,Quarter-finals
2014,Bosnia and Herzegovina,1,Group Stage
2014,Brazil,4,Semi-finals
2014,Cameroon,1,Group Stage
2014,Chile,2,Round of 16
2014,Colombia,3,Quarter-finals
2014,Costa Rica,3,Quarter-finals
2014,Croatia,1,Group Stage
2014,Ecuador,1,Group Stage
2014,England,1,Group Stage
2014,France,3,Quarter-finals
2014,Germany,5,Final
2014,Ghana,1,Group Stage
2014,Greece,2,Round of 16
2014,Honduras,1,Group Stage
2014,Iran,1,Group Stage
2014,Italy,1,Group Stage
2014,Ivory Coast,1,Group Stage
2014,Japan,1,Group Stage
2014,Mexico,2,Round of 16
2014,Netherlands,4,Semi-finals
2014,Nigeria,2,Round of 16
2014,Portugal,1,Group Stage
2014,Russia,1,Group Stage
2014,South Korea,1,Group Stage
2014,Spain,1,Group Stage
2014,Switzerland,2,Round of 16
2014,United States,2,Round of 16
2014,Uruguay,2,Round of 16
2018,Argentina,2,Round of 16
2018,Australia,1,Group Stage
2018,Belgium,4,Semi-finals
2018,Brazil,3,Quarter-finals
2018,Colombia,2,Round of 16
2018,Costa Rica,1,Group Stage
2018,Croatia,5,Final
2018,Denmark,2,Round of 16
2018,Egypt,1,Group Stage
2018,England,4,Semi-finals
2018,France,5,Final
2018,Germany,1,Group Stage
2018,Iceland,1,Group Stage
2018,Iran,1,Group Stage
2018,Japan,2,Round of 16
2018,Mexico,2,Round of 16
2018,Morocco,1,Group Stage
2018,Nigeria,1,Group Stage
2018,Panama,1,Group Stage
2018,Peru,1,Group Stage
2018,Poland,1,Group Stage
2018,Portugal,2,Round of 16
2018,Russia,3,Quarter-finals
2018,Saudi Arabia,1,Group Stage
2018,Senegal,1,Group Stage
2018,Serbia,1,Group Stage
2018,South Korea,1,Group Stage
2018,Spain,2,Round of 16
2018,Sweden,3,Quarter-finals
2018,Switzerland,2,Round of 16
2018,Tunisia,1,Group Stage
2018,Uruguay,3,Quarter-finals
2022,Argentina,5,Final
2022,Australia,2,Round of 16
2022,Belgium,1,Group Stage
2022,Brazil,3,Quarter-finals
2022,Cameroon,1,Group Stage
2022,Canada,1,Group Stage
2022,Costa Rica,1,Group Stage
2022,Croatia,4,Semi-finals
2022,Denmark,1,Group Stage
2022,Ecuador,1,Group Stage
2022,England,3,Quarter-finals
2022,France,5,Final
2022,Germany,1,Group Stage
2022,Ghana,1,Group Stage
2022,Iran,1,Group Stage
2022,Japan,2,Round of 16
2022,Mexico,1,Group Stage
2022,Morocco,4,Semi-finals
2022,Netherlands,3,Quarter-finals
2022,Poland,2,Round of 16
2022,Portugal,3,Quarter-finals
2022,Qatar,1,Group Stage
2022,Saudi Arabia,1,Group Stage
2022,Senegal,2,Round of 16
2022,Serbia,1,Group Stage
2022,South Korea,2,Round of 16
2022,Spain,2,Round of 16
2022,Switzerland,2,Round of 16
2022,Tunisia,1,Group Stage
2022,United States,2,Round of 16
2022,Uruguay,1,Group Stage
2022,Wales,1,Group Stage
